_ra_,_dec_,_searchID_,MatchID,distanceArcMin,MatchRA,MatchDec,DSigma,AbsCorr,NumFilters,NumVisits,NumImages,StartTime,StopTime,StartMJD,StopMJD,TargetName,CI,CI_Sigma,KronRadius,KronRadius_Sigma,Extinction,W2_F170W,W2_F170W_MAD,W2_F170W_N,W2_F255W,W2_F255W_MAD,W2_F255W_N,W2_F300W,W2_F300W_MAD,W2_F300W_N,W2_F336W,W2_F336W_MAD,W2_F336W_N,W3_F336W,W3_F336W_MAD,W3_F336W_N,W2_F439W,W2_F439W_MAD,W2_F439W_N,A_F475W,A_F475W_MAD,A_F475W_N,W3_F475W,W3_F475W_MAD,W3_F475W_N,W2_F555W,W2_F555W_MAD,W2_F555W_N,A_F606W,A_F606W_MAD,A_F606W_N,W3_F606W,W3_F606W_MAD,W3_F606W_N,W2_F702W,W2_F702W_MAD,W2_F702W_N,W3_F775W,W3_F775W_MAD,W3_F775W_N,A_F814W,A_F814W_MAD,A_F814W_N,W2_F814W,W2_F814W_MAD,W2_F814W_N,W3_F814W,W3_F814W_MAD,W3_F814W_N,A_F850LP,A_F850LP_MAD,A_F850LP_N,W3_F105W,W3_F105W_MAD,W3_F105W_N,W3_F110W,W3_F110W_MAD,W3_F110W_N,W3_F140W,W3_F140W_MAD,W3_F140W_N,W3_F160W,W3_F160W_MAD,W3_F160W_N
36.68221,-4.68346,21,29017801,0.0022549821969610933,36.68224688151983,-4.683467829860497,5.555296031345056,Y,2,5,9,2012-10-15 23:59:32.407000,2013-02-12 11:18:20.587000,56215.99968057405,56335.471071573906,JKCS041-4,2.1797503542628958,0.13647266127167937,0.45499998331069946,0.0,0.025541599839925766,,,,,,,,,,,,,,,,,,,,,,,,,,,,,,,,,,,,,,,,,,,,,,,,,,,,18.78415012359619,0.0009002685546875,4,,,,,,,18.47559928894043,0.00469970703125,5
53.1301,-27.6189,109,82291906,0.002063337748625047,53.13008895936699,-27.618932968200983,15.057798758081814,Y,2,2,4,2002-09-14 18:27:37.860000,2002-11-24 00:31:54.983000,52531.76918816194,52602.022164127324,GEMS-59,1.5790756882226635,0.01386043669699818,0.17499999701976776,0.0,0.00857056025415659,,,,,,,,,,,,,,,,,,,,,,,,,,,,21.18929958343506,0.013199806213378906,2,,,,,,,,,,,,,,,,,,,20.89115047454834,0.006649971008300781,2,,,,,,,,,,,,
53.1301,-27.6189,109,83888048,0.014806966550590522,53.1298292,-27.6188423,0.0,N,1,1,1,2002-09-19 21:56:15.173000,2002-09-19 22:39:35.173000,52536.914064460434,52536.94415708585,GOODS,1.267282599988191,0.0,0.38199999928474426,0.0,0.00857056025415659,,,,,,,22.49279022216797,0.0,1,,,,,,,,,,,,,,,,,,,,,,,,,,,,,,,,,,,,,,,,,,,,,,,,,,,,,,
53.1301,-27.6189,109,4587995,0.02610863570177931,53.1305825,-27.6188189,0.0,N,1,1,1,2002-11-01 13:33:15.220000,2002-11-01 14:14:35.220000,52579.56475946307,52579.59346317127,GOODS,1.4784783124923706,0.0,0.3499999940395355,0.0,0.00857056025415659,,,,,,,22.49669075012207,0.0,1,,,,,,,,,,,,,,,,,,,,,,,,,,,,,,,,,,,,,,,,,,,,,,,,,,,,,,
146.09184,47.459831,121,7171483,0.0008046334509433548,146.09182517852577,47.4598220879537,0.0,Y,1,1,1,2008-11-06 21:20:13.187000,2008-11-06 21:48:13.310000,54776.889041486196,54776.90848737955,SDSSJ094422.04+472735.3,2.219971997777843,0.0,0.45499999999999996,0.0,0.011780389584600925,,,,,,,,,,,,,,,,,,,,,,,,,,,,,,,,,,,,,,,,,,,18.322200775146484,0.0,1,,,,,,,,,,,,,,,,,,
230.77072,11.764892,148,57359705,0.0022043405630722585,230.77075748613817,11.76489027837296,166.37602942692402,Y,4,2,4,2016-06-23 11:52:37.977000,2016-09-08 05:37:47.900000,57562.49488392146,57639.23458212521,SDSSJ152303.80+114546.0,3.042233719235994,1.2379655649143213,0.41077497601509094,0.19448135155614799,0.03739501163363457,,,,,,,,,,,,,,,,,,,,,,22.559499740600586,0.0,1,,,,,,,,,,,,,22.69059944152832,0.0,1,,,,,,,,,,,,,,,,21.525699615478516,0.0,1,,,,21.29199981689453,0.0,1
230.77072,11.764892,148,16344515,0.009430494404165306,230.77059886969337,11.76499515714776,0.0,Y,2,1,2,2016-06-23 11:52:37.977000,2016-06-23 15:15:13.960000,57562.49488392146,57562.63557823608,SDSS-J152304.97+114553.6,2.6199800106316102,0.13684164964460763,0.3303999900817871,0.0,0.03739501163363457,,,,,,,,,,,,,,,,,,,,,,24.792400360107422,0.0,1,,,,,,,,,,,,,24.861099243164062,0.0,1,,,,,,,,,,,,,,,,,,,,,,,,
230.77072,11.764892,148,65983306,0.01622643811078463,230.77095477457974,11.765034515137426,0.0,Y,2,1,2,2016-06-23 11:52:37.977000,2016-06-23 15:15:13.960000,57562.49488392146,57562.63557823608,SDSS-J152304.97+114553.6,1.469969640140861,0.18055384397541493,0.298799991607666,0.0,0.03739501163363457,,,,,,,,,,,,,,,,,,,,,,25.278200149536133,0.0,1,,,,,,,,,,,,,24.591999053955078,0.0,1,,,,,,,,,,,,,,,,,,,,,,,,
230.77072,11.764892,148,106137563,0.0219683728217979,230.7703627436226,11.764783685016935,0.0,Y,1,1,1,2016-06-23 11:52:37.977000,2016-06-23 13:26:59.973000,57562.49488392146,57562.56041630311,SDSS-J152304.97+114553.6,1.985862063265395,0.0,0.3619999885559082,0.0,0.03739501163363457,,,,,,,,,,,,,,,,,,,,,,25.952299118041992,0.0,1,,,,,,,,,,,,,,,,,,,,,,,,,,,,,,,,,,,,,,,
230.77072,11.764892,148,41362558,0.04555887102192864,230.76994884690853,11.764810733873567,0.0,Y,1,1,1,2016-06-23 11:52:37.977000,2016-06-23 13:26:59.973000,57562.49488392146,57562.56041630311,SDSS-J152304.97+114553.6,2.063218341476616,0.0,0.3416000008583069,0.0,0.03739501163363457,,,,,,,,,,,,,,,,,,,,,,25.71269989013672,0.0,1,,,,,,,,,,,,,,,,,,,,,,,,,,,,,,,,,,,,,,,
130.12463038009,47.11951149567,158,89504951,0.001092732442258027,130.12461168231567,47.11952452648621,1.070042154518257,Y,2,1,2,2015-05-22 03:56:19.120000,2015-05-22 04:28:11.263000,57164.16411013901,57164.186241419055,SDSSJ084029.91+470710.4,1.4403490422220973,0.049486017450917553,0.29749999195337296,0.2227386238511764,0.027205439284443855,,,,,,,,,,,,,,,,,,,,,,,,,,,,,,,18.53350067138672,0.0,1,,,,,,,,,,,,,,,,,,,,,,19.09320068359375,0.0,1,,,,,,
130.12463038009,47.11951149567,158,43222082,0.03590182385030818,130.12427509887743,47.11896414634154,183.5428048744067,Y,2,1,2,2015-05-22 03:56:19.120000,2015-05-22 04:28:11.263000,57164.16411013901,57164.186241419055,SDSSJ084029.91+470710.4,2.910056758623618,1.8719847214742862,0.3755500018596649,0.21715249108625465,0.027205439284443855,,,,,,,,,,,,,,,,,,,,,,,,,,,,,,,23.006900787353516,0.0,1,,,,,,,,,,,,,,,,,,,,,,21.513900756835938,0.0,1,,,,,,
130.12463038009,47.11951149567,158,51268347,0.037281300956177266,130.1241457542626,47.118984874280315,0.0,Y,1,1,1,2015-05-22 03:56:19.120000,2015-05-22 04:12:58.110000,57164.16411013901,57164.175672564656,SDSSJ084029.91+470710.4,2.0469318736683237,0.0,0.26759999990463257,0.0,0.027205439284443855,,,,,,,,,,,,,,,,,,,,,,,,,,,,,,,23.210599899291992,0.0,1,,,,,,,,,,,,,,,,,,,,,,,,,,,,,,
130.12463038009,47.11951149567,158,100951545,0.04036858869416807,130.12438356670404,47.11885998536169,0.0,Y,1,1,1,2015-05-22 03:56:19.120000,2015-05-22 04:12:58.110000,57164.16411013901,57164.175672564656,SDSSJ084029.91+470710.4,2.687613530592485,0.0,0.2855999767780304,0.0,0.027205439284443855,,,,,,,,,,,,,,,,,,,,,,,,,,,,,,,24.328699111938477,0.0,1,,,,,,,,,,,,,,,,,,,,,,,,,,,,,,
158.542314,58.063647,161,77624052,0.0071381292044852265,158.5422934950065,58.06352852667152,26.35454936130829,Y,2,1,2,2016-04-16 04:03:57.797000,2016-04-16 05:46:30.930000,57494.16941892123,57494.24063572241,MRK-1434,1.624407483772798,0.6604676495226129,0.29749999195337296,0.2227386238511764,0.0058982400223612785,,,,,,,,,,,,,,,,,,,,,,,,,,,,,,,19.23200035095215,0.0,1,,,,,,,,,,,,,,,,,,,,,,19.072099685668945,0.0,1,,,,,,
158.542314,58.063647,161,34370086,0.007188789559589478,158.54244835485048,58.063743458152445,111.4430572963649,Y,2,1,2,2016-04-16 04:03:57.797000,2016-04-16 05:46:30.930000,57494.16941892123,57494.24063572241,MRK-1434,3.068465855601546,0.44234350444342635,0.29749999195337296,0.2227386238511764,0.0058982400223612785,,,,,,,,,,,,,,,,,,,,,,,,,,,,,,,20.32819938659668,0.0,1,,,,,,,,,,,,,,,,,,,,,,19.370899200439453,0.0,1,,,,,,
158.542314,58.063647,161,3426320,0.00814054638746053,158.54227323831148,58.06378095147518,0.0,Y,1,1,1,2016-04-16 04:03:57.797000,2016-04-16 04:41:13.780000,57494.16941892123,57494.195298361126,MRK-1434,1.5451135960492222,0.0,0.14000000059604645,0.0,0.0058982400223612785,,,,,,,,,,,,,,,,,,,,,,,,,,,,,,,20.942399978637695,0.0,1,,,,,,,,,,,,,,,,,,,,,,,,,,,,,,
158.542314,58.063647,161,37478438,0.020402938324017673,158.54257806056313,58.06395703617559,33.77898939704245,Y,2,1,2,2016-04-16 04:03:57.797000,2016-04-16 05:46:30.930000,57494.16941892123,57494.24063572241,MRK-1434,2.593003261786002,0.13910273144123514,0.29749999195337296,0.2227386238511764,0.0058982400223612785,,,,,,,,,,,,,,,,,,,,,,,,,,,,,,,21.527599334716797,0.0,1,,,,,,,,,,,,,,,,,,,,,,20.152299880981445,0.0,1,,,,,,
158.542314,58.063647,161,9625024,0.02786527346918017,158.54164026797108,58.06394478389719,0.0,Y,1,1,1,2016-04-16 04:03:57.797000,2016-04-16 04:41:13.780000,57494.16941892123,57494.195298361126,MRK-1434,2.0885227756066755,0.0,0.1995999813079834,0.0,0.0058982400223612785,,,,,,,,,,,,,,,,,,,,,,,,,,,,,,,24.952999114990234,0.0,1,,,,,,,,,,,,,,,,,,,,,,,,,,,,,,
158.542314,58.063647,161,14712722,0.03209487522795758,158.54329419025163,58.06351549917992,0.0,Y,1,1,1,2016-04-16 04:03:57.797000,2016-04-16 04:41:13.780000,57494.16941892123,57494.195298361126,MRK-1434,0.8830682120539926,0.0,0.14000000059604645,0.0,0.0058982400223612785,,,,,,,,,,,,,,,,,,,,,,,,,,,,,,,25.711700439453125,0.0,1,,,,,,,,,,,,,,,,,,,,,,,,,,,,,,
158.542314,58.063647,161,84482012,0.048082523350515764,158.54260487000747,58.062860534480535,0.0,Y,1,1,1,2016-04-16 04:03:57.797000,2016-04-16 04:41:13.780000,57494.16941892123,57494.195298361126,MRK-1434,2.220454541119662,0.0,0.34279999136924744,0.0,0.0058982400223612785,,,,,,,,,,,,,,,,,,,,,,,,,,,,,,,25.496400833129883,0.0,1,,,,,,,,,,,,,,,,,,,,,,,,,,,,,,
185.175389630348,29.3458912842654,167,95004647,0.0020207121334930296,185.17535549999994,29.345875500000002,0.0,Y,2,1,2,1997-11-10 23:33:13.823000,1997-11-10 23:53:03.827000,50762.98140998371,50762.9951831433,NGC4286,1.7941541792780615,0.1340665282180621,0.3499999940395355,0.0,0.022319370880723,,,,,,,,,,,,,,,,,,,,,,,,,19.34969139099121,0.0,1,,,,,,,,,,,,,,,,18.717491149902344,0.0,1,,,,,,,,,,,,,,,,,,
194.68974,27.75391,173,90253463,0.0013152373414925444,194.6897154753384,27.753913079438355,0.0,Y,2,1,2,2007-01-17 14:37:48.300000,2007-01-17 17:50:51.330000,54117.60958676366,54117.74364961125,COMA7-7,2.07990739080641,0.01008277495931717,0.2265000194311142,0.0,0.010631849989295006,,,,,,,,,,,,,,,,,,,23.62030029296875,0.0,1,,,,,,,,,,,,,,,,,,,22.514400482177734,0.0,1,,,,,,,,,,,,,,,,,,,,,
130.106435611723,18.3164010702612,176,34569806,0.0002423474271090795,130.1064394224653,18.31639927388657,0.0,Y,1,1,1,2016-04-12 00:01:26.483000,2016-04-12 00:20:38.547000,57490.00100092357,57490.014334985986,SDSSJ084025.54+181858.9,2.5092857224600653,0.0,0.9710999131202698,0.0,0.027658620849251747,,,,,,,,,,,,,,,,,,,,,,,,,,,,,,,,,,,,,,,,,,,,,,,,,,,,,,,18.173099517822266,0.0,1,,,,,,
130.106435611723,18.3164010702612,176,37672401,0.027539887567922697,130.10598846131555,18.316575663483192,0.0,Y,1,1,1,2016-04-12 00:01:26.483000,2016-04-12 00:20:38.547000,57490.00100092357,57490.014334985986,SDSSJ084025.54+181858.9,4.2258926800319125,0.0,1.2856999635696411,0.0,0.027658620849251747,,,,,,,,,,,,,,,,,,,,,,,,,,,,,,,,,,,,,,,,,,,,,,,,,,,,,,,20.747900009155273,0.0,1,,,,,,
130.106435611723,18.3164010702612,176,16945300,0.03232598986274953,130.10697548628428,18.316234967383803,0.0,Y,1,1,1,2016-04-12 00:01:26.483000,2016-04-12 00:20:38.547000,57490.00100092357,57490.014334985986,SDSSJ084025.54+181858.9,4.118392722947257,0.0,1.2856999635696411,0.0,0.027658620849251747,,,,,,,,,,,,,,,,,,,,,,,,,,,,,,,,,,,,,,,,,,,,,,,,,,,,,,,20.98710060119629,0.0,1,,,,,,
130.106435611723,18.3164010702612,176,27616534,0.03362876007325369,130.1062401062704,18.315872213460096,0.0,Y,1,1,1,2016-04-12 00:01:26.483000,2016-04-12 00:20:38.547000,57490.00100092357,57490.014334985986,SDSSJ084025.54+181858.9,3.996428421565464,0.0,1.2596999406814575,0.0,0.027658620849251747,,,,,,,,,,,,,,,,,,,,,,,,,,,,,,,,,,,,,,,,,,,,,,,,,,,,,,,21.525299072265625,0.0,1,,,,,,
130.106435611723,18.3164010702612,176,33958586,0.04280344295711852,130.10568984212983,18.31648872280371,0.0,Y,1,1,1,2016-04-12 00:01:26.483000,2016-04-12 00:20:38.547000,57490.00100092357,57490.014334985986,SDSSJ084025.54+181858.9,3.9283926997865946,0.0,1.2856999635696411,0.0,0.027658620849251747,,,,,,,,,,,,,,,,,,,,,,,,,,,,,,,,,,,,,,,,,,,,,,,,,,,,,,,21.651500701904297,0.0,1,,,,,,
151.097240580626,23.2231590175539,181,104968227,0.002960381744352196,151.0972512272485,23.22320737744567,0.0,Y,1,1,1,2015-10-11 08:16:25.123000,2015-10-11 08:35:37.153000,57306.34473517351,57306.35806885408,SDSSJ100423.33+231323.4,2.871785632201603,0.0,0.45499998331069946,0.0,0.029682720080018044,,,,,,,,,,,,,,,,,,,,,,,,,,,,,,,,,,,,,,,,,,,,,,,,,,,,,,,18.176799774169922,0.0,1,,,,,,
136.557320317199,56.1709855419006,183,28530322,0.006664170618681818,136.55736755760597,56.17087763096461,22.767366635401896,Y,2,1,2,2015-02-18 02:36:53.890000,2015-02-18 04:06:36.013000,57071.108957050834,57071.17125015054,SDSSJ090613.75+561015.5,2.1499351441086114,0.4273863952653719,0.30709999054670334,0.20916217564172593,0.022784030064940453,,,,,,,,,,,,,,,,,,,,,,,,,,,,,,,20.166900634765625,0.0,1,,,,,,,,,,,,,,,,,,,,,,18.583599090576172,0.0,1,,,,,,
157.138892260506,18.7538931564868,198,29821849,0.0011400465953959606,157.1389048365045,18.753907962617447,0.0,Y,1,1,1,2016-06-30 20:03:39.653000,2016-06-30 20:32:52.710000,57569.835875599645,57569.85616559256,SDSSJ102833.33+184513.9,2.7405357786587303,0.0,0.9853999614715576,0.0,0.025598600506782532,,,,,,,,,,,,,,,,,,,,,,,,,,,,,,,,,,,,,,,,,,,,,,,,,,,,,,,18.000099182128906,0.0,1,,,,,,
148.575644558278,47.2903196725135,212,62989952,0.0018822734838959913,148.57563669183173,47.29028875837096,21.43302811940614,Y,2,1,2,2015-05-23 16:35:22.130000,2015-05-23 17:05:42.333000,57165.69122833805,57165.71229547914,SDSSJ095418.15+471725.1,2.0714448256926103,0.29822458645922534,0.5220499709248543,0.5210669566937772,0.008771739900112152,,,,,,,,,,,,,,,,,,,,,,,,,,,,,,,19.424299240112305,0.0,1,,,,,,,,,,,,,,,,,,,,,,18.332399368286133,0.0,1,,,,,,
148.575644558278,47.2903196725135,212,41986309,0.044981420294976676,148.57596865151163,47.289602936194406,0.0,Y,1,1,1,2015-05-23 16:55:41.823000,2015-05-23 17:05:42.333000,57165.70534510864,57165.71229547914,SDSSJ095418.15+471725.1,4.124999897820609,0.0,1.3142999410629272,0.0,0.008771739900112152,,,,,,,,,,,,,,,,,,,,,,,,,,,,,,,,,,,,,,,,,,,,,,,,,,,,,,,22.23579978942871,0.0,1,,,,,,
155.454811815916,63.8685434946908,213,91022569,0.002907633298448496,155.4547180571512,63.86851813333069,0.0,Y,1,1,1,2016-04-26 14:59:48.557000,2016-04-26 15:19:00.590000,57504.62486751843,57504.63820124511,SDSSJ102149.12+635206.8,2.9180356434413364,0.0,0.8995999693870544,0.0,0.007331850007176399,,,,,,,,,,,,,,,,,,,,,,,,,,,,,,,,,,,,,,,,,,,,,,,,,,,,,,,18.71470069885254,0.0,1,,,,,,
155.454811815916,63.8685434946908,213,26736537,0.04503686235799818,155.4560504611024,63.868027933331156,0.0,Y,1,1,1,2016-04-26 14:59:48.557000,2016-04-26 15:19:00.590000,57504.62486751843,57504.63820124511,SDSSJ102149.12+635206.8,3.820892742701939,0.0,1.1778000593185425,0.0,0.007331850007176399,,,,,,,,,,,,,,,,,,,,,,,,,,,,,,,,,,,,,,,,,,,,,,,,,,,,,,,21.46649932861328,0.0,1,,,,,,
155.454811815916,63.8685434946908,213,81333951,0.04684503779331943,155.4543171559612,63.86929323333055,0.0,Y,1,1,1,2016-04-26 14:59:48.557000,2016-04-26 15:19:00.590000,57504.62486751843,57504.63820124511,SDSSJ102149.12+635206.8,3.989464470318385,0.0,1.2869999408721924,0.0,0.007331850007176399,,,,,,,,,,,,,,,,,,,,,,,,,,,,,,,,,,,,,,,,,,,,,,,,,,,,,,,22.24139976501465,0.0,1,,,,,,
194.56363,27.4647,216,48581354,0.0013971008885448684,194.56365514148368,27.46470667448918,0.0,Y,2,1,2,2006-11-21 09:07:23.223000,2006-11-21 11:24:54.257000,54060.38012983091,54060.475627962966,COMA-OUTSKIRTS-3,1.8263889131722626,0.030379370356933,0.19050000607967377,0.0,0.010388460010290146,,,,,,,,,,,,,,,,,,,22.72010040283203,0.0,1,,,,,,,,,,,,,,,,,,,21.510499954223633,0.0,1,,,,,,,,,,,,,,,,,,,,,
194.56363,27.4647,216,55605534,0.04428105125032194,194.5628471415997,27.46445067521222,0.0,Y,2,1,2,2006-11-21 09:07:23.223000,2006-11-21 11:24:54.257000,54060.38012983091,54060.475627962966,COMA-OUTSKIRTS-3,1.1992592502523352,0.05984212480847347,0.4124999940395355,0.0,0.010388460010290146,,,,,,,,,,,,,,,,,,,26.572999954223633,0.0,1,,,,,,,,,,,,,,,,,,,25.773300170898438,0.0,1,,,,,,,,,,,,,,,,,,,,,
220.052934893152,2.79542285734402,221,68187276,0.0022412190777342878,220.05291015747028,2.795450873350693,22.156389234611662,Y,2,1,2,2015-06-15 15:28:01.137000,2015-06-15 15:58:21.343000,57188.64445753256,57188.66552476166,SDSSJ144012.70+024743.5,1.9103246366048787,0.1222742885052548,0.48924998193979263,0.4939140602748763,0.03930317983031273,,,,,,,,,,,,,,,,,,,,,,,,,,,,,,,18.78070068359375,0.0,1,,,,,,,,,,,,,,,,,,,,,,17.914400100708008,0.0,1,,,,,,
220.052934893152,2.79542285734402,221,55660900,0.02839470964069574,220.05256573949038,2.7957195233528127,0.0,Y,1,1,1,2015-06-15 15:48:20.830000,2015-06-15 15:58:21.343000,57188.65857439814,57188.66552476166,SDSSJ144012.70+024743.5,4.183392865317208,0.0,1.2765998840332031,0.0,0.03930317983031273,,,,,,,,,,,,,,,,,,,,,,,,,,,,,,,,,,,,,,,,,,,,,,,,,,,,,,,21.234899520874023,0.0,1,,,,,,
220.052934893152,2.79542285734402,221,22962613,0.04809442658640116,220.05217706354378,2.7951590758671863,0.0,Y,1,1,1,2015-06-15 15:48:20.830000,2015-06-15 15:58:21.343000,57188.65857439814,57188.66552476166,SDSSJ144012.70+024743.5,3.9648213556834624,0.0,1.2726999521255493,0.0,0.03930317983031273,,,,,,,,,,,,,,,,,,,,,,,,,,,,,,,,,,,,,,,,,,,,,,,,,,,,,,,22.421899795532227,0.0,1,,,,,,
9.8286,40.36621,223,43173019,0.00217762745613734,9.828637132346854,40.366232733419054,107.95891031555173,Y,7,3,8,2007-09-16 05:04:17.007000,2013-01-27 06:42:10.513000,54359.21130790282,56319.27928831242,M31-OB136,2.0399416531379715,0.4108150233623454,0.48918749392032623,0.2577535059052093,0.15435180068016052,19.334800720214844,0.0,1,19.492599487304688,0.0,1,,,,19.316600799560547,0.0,1,,,,19.278799057006836,0.0,1,,,,,,,19.392799377441406,0.0,1,,,,,,,,,,,,,,,,19.622699737548828,0.0,1,,,,,,,,,,,,,19.642250061035156,0.007450103759765625,2,,,
9.8286,40.36621,223,65648422,0.006028349165504127,9.82847199844835,40.36623414972834,0.0,Y,1,1,1,2013-01-27 05:19:58.577000,2013-01-27 05:23:21.490000,56319.22220570827,56319.22455425467,ANY,2.587580680847168,0.0,1.036099910736084,0.0,0.15435180068016052,,,,,,,,,,,,,,,,,,,,,,,,,,,,,,,,,,,,,,,,,,,,,,,,,,,,,,,,,,19.947900772094727,0.0,1,,,
9.8286,40.36621,223,21709279,0.011496339344027759,9.82880943453733,40.366316063196244,0.0,Y,1,1,1,2013-01-27 05:19:58.577000,2013-01-27 05:23:21.490000,56319.22220570827,56319.22455425467,ANY,2.3972580509801067,0.0,1.036099910736084,0.0,0.15435180068016052,,,,,,,,,,,,,,,,,,,,,,,,,,,,,,,,,,,,,,,,,,,,,,,,,,,,,,,,,,20.842300415039062,0.0,1,,,
9.8286,40.36621,223,95229597,0.014874854633280093,9.828390529061611,40.366399708529265,7.393007105174931,Y,1,2,2,2013-01-27 05:19:58.577000,2013-01-27 06:42:10.513000,56319.22220570827,56319.27928831242,ANY,2.930564457370389,0.10047754301966819,1.1173499822616577,0.006434643655855213,0.15435180068016052,,,,,,,,,,,,,,,,,,,,,,,,,,,,,,,,,,,,,,,,,,,,,,,,,,,,,,,,,,21.028949737548828,0.0144500732421875,2,,,
9.8286,40.36621,223,89749439,0.016508217306304255,9.828902843647029,40.36606014004025,13.247709071510144,Y,1,2,2,2013-01-27 05:19:58.577000,2013-01-27 06:42:10.513000,56319.22220570827,56319.27928831242,ANY,2.419435497253172,0.037294114756379976,1.1400999426841736,0.03676966928417715,0.15435180068016052,,,,,,,,,,,,,,,,,,,,,,,,,,,,,,,,,,,,,,,,,,,,,,,,,,,,,,,,,,21.553099632263184,0.017800331115722656,2,,,
9.8286,40.36621,223,86567420,0.019928316293856115,9.828388048187874,40.36591976425427,78.76899191642408,Y,7,3,8,2007-09-16 05:04:17.007000,2013-01-27 06:42:10.513000,54359.21130790282,56319.27928831242,M31-OB136,2.244557389365296,0.2341164077867545,0.52412498742342,0.32367313861428026,0.15435180068016052,20.467500686645508,0.0,1,20.401899337768555,0.0,1,,,,20.07550048828125,0.0,1,,,,19.973400115966797,0.0,1,,,,,,,20.036800384521484,0.0,1,,,,,,,,,,,,,,,,20.34939956665039,0.0,1,,,,,,,,,,,,,20.573450088500977,0.06554985046386719,2,,,
9.8286,40.36621,223,101109256,0.020354525598930577,9.82871892299912,40.3658830825617,6.337712239885523,Y,1,2,2,2013-01-27 05:19:58.577000,2013-01-27 06:42:10.513000,56319.22220570827,56319.27928831242,ANY,2.7754031842754734,0.022467805153278564,1.2083499431610107,0.0009193070597196206,0.15435180068016052,,,,,,,,,,,,,,,,,,,,,,,,,,,,,,,,,,,,,,,,,,,,,,,,,,,,,,,,,,21.707650184631348,0.0017499923706054688,2,,,
9.8286,40.36621,223,35688376,0.023477564247937427,9.82903106857234,40.36599731038589,14.20174500653746,Y,1,2,2,2013-01-27 05:19:58.577000,2013-01-27 06:42:10.513000,56319.22220570827,56319.27928831242,ANY,1.5016935525401947,0.05394538290000342,0.967199981212616,0.01103084177966523,0.15435180068016052,,,,,,,,,,,,,,,,,,,,,,,,,,,,,,,,,,,,,,,,,,,,,,,,,,,,,,,,,,22.52869987487793,0.02050018310546875,2,,,
9.8286,40.36621,223,22256936,0.027590134324905757,9.829180714180998,40.366335220011045,88.70476308996274,Y,5,3,6,2007-09-16 05:04:17.007000,2013-01-27 06:42:10.513000,54359.21130790282,56319.27928831242,M31-OB136,1.93625794140214,0.26375808722386823,0.5817333062489828,0.35905995480857583,0.15435180068016052,,,,,,,,,,21.58060073852539,0.0,1,,,,21.612199783325195,0.0,1,,,,,,,21.57430076599121,0.0,1,,,,,,,,,,,,,,,,21.82080078125,0.0,1,,,,,,,,,,,,,22.091449737548828,0.0014495849609375,2,,,
9.8286,40.36621,223,77613114,0.02763704752642811,9.829098311445074,40.366470800528624,0.0,Y,1,1,1,2013-01-27 06:38:47.570000,2013-01-27 06:42:10.513000,56319.27693943074,56319.27928831242,ANY,3.0906452286627983,0.0,1.1829999685287476,0.0,0.15435180068016052,,,,,,,,,,,,,,,,,,,,,,,,,,,,,,,,,,,,,,,,,,,,,,,,,,,,,,,,,,22.209999084472656,0.0,1,,,
9.8286,40.36621,223,19764387,0.028755589927568957,9.828517592435443,40.36668512912029,33.585210085498495,Y,1,2,2,2013-01-27 05:19:58.577000,2013-01-27 06:42:10.513000,56319.22220570827,56319.27928831242,ANY,2.382016181945801,0.08405441168830675,1.1277499198913574,0.004596198123810016,0.15435180068016052,,,,,,,,,,,,,,,,,,,,,,,,,,,,,,,,,,,,,,,,,,,,,,,,,,,,,,,,,,22.35165023803711,0.008449554443359375,2,,,
9.8286,40.36621,223,16252757,0.03243046633017432,9.827899788178833,40.366296722061065,8.06870461805225,Y,1,2,2,2013-01-27 05:19:58.577000,2013-01-27 06:42:10.513000,56319.22220570827,56319.27928831242,ANY,1.6641935994548183,0.052234628723188584,0.8274499773979187,0.002757752591764818,0.15435180068016052,,,,,,,,,,,,,,,,,,,,,,,,,,,,,,,,,,,,,,,,,,,,,,,,,,,,,,,,,,21.015599250793457,0.010600090026855469,2,,,
9.8286,40.36621,223,25015575,0.03314862146191568,9.828095761760116,40.3666070267435,6.778957720912858,Y,1,2,2,2013-01-27 05:19:58.577000,2013-01-27 06:42:10.513000,56319.22220570827,56319.27928831242,ANY,1.3224193646061804,0.019160297226992105,0.7910499572753906,0.004596198123810016,0.15435180068016052,,,,,,,,,,,,,,,,,,,,,,,,,,,,,,,,,,,,,,,,,,,,,,,,,,,,,,,,,,20.93019962310791,0.0012998580932617188,2,,,
9.8286,40.36621,223,92140925,0.033824055776857515,9.828246169121645,40.36571490758744,0.0,Y,1,1,1,2013-01-27 05:19:58.577000,2013-01-27 05:23:21.490000,56319.22220570827,56319.22455425467,ANY,2.7890322669859855,0.0,1.2089999914169312,0.0,0.15435180068016052,,,,,,,,,,,,,,,,,,,,,,,,,,,,,,,,,,,,,,,,,,,,,,,,,,,,,,,,,,22.15290069580078,0.0,1,,,
9.8286,40.36621,223,83056909,0.0353528060140842,9.828735930663662,40.36562996036711,59.07853449996072,Y,5,3,6,2007-09-16 05:04:17.007000,2013-01-27 06:42:10.513000,54359.21130790282,56319.27928831242,M31-OB136,2.2573459158557565,0.3027234828658279,0.5210666557153066,0.2650472154981548,0.15435180068016052,,,,,,,,,,21.845699310302734,0.0,1,,,,21.64259910583496,0.0,1,,,,,,,21.599300384521484,0.0,1,,,,,,,,,,,,,,,,21.79159927368164,0.0,1,,,,,,,,,,,,,21.71245002746582,0.0072498321533203125,2,,,
9.8286,40.36621,223,13520420,0.036977072309144925,9.827799767810559,40.36612024526184,11.342231630991348,Y,1,2,2,2013-01-27 05:19:58.577000,2013-01-27 06:42:10.513000,56319.22220570827,56319.27928831242,ANY,2.4830645130526636,0.08736198759338115,1.1004499793052673,0.0009192227660225988,0.15435180068016052,,,,,,,,,,,,,,,,,,,,,,,,,,,,,,,,,,,,,,,,,,,,,,,,,,,,,,,,,,22.24535083770752,0.017149925231933594,2,,,
9.8286,40.36621,223,86899771,0.04167047832707548,9.82923311656784,40.36670964818651,27.79817623091625,Y,7,3,8,2007-09-16 05:04:17.007000,2013-01-27 06:42:10.513000,54359.21130790282,56319.27928831242,M31-OB136,1.2455038265630047,0.23767636463210995,0.4259749874472618,0.14111700844086403,0.15435180068016052,20.31450080871582,0.0,1,20.248600006103516,0.0,1,,,,20.04010009765625,0.0,1,,,,20.027299880981445,0.0,1,,,,,,,20.125499725341797,0.0,1,,,,,,,,,,,,,,,,20.386199951171875,0.0,1,,,,,,,,,,,,,20.917999267578125,0.011899948120117188,2,,,
9.8286,40.36621,223,56052224,0.04508644209010077,9.82766795152714,40.36645567572934,2.7013119108252774,Y,1,2,2,2013-01-27 05:19:58.577000,2013-01-27 06:42:10.513000,56319.22220570827,56319.27928831242,ANY,1.1434677627778822,0.09135363404130234,0.7357999682426453,0.03860803052252532,0.15435180068016052,,,,,,,,,,,,,,,,,,,,,,,,,,,,,,,,,,,,,,,,,,,,,,,,,,,,,,,,,,22.87654972076416,0.00034999847412109375,2,,,
9.8286,40.36621,223,32336263,0.0452788409014028,9.82761552065267,40.36612723786575,8.421644487686121,Y,1,2,2,2013-01-27 05:19:58.577000,2013-01-27 06:42:10.513000,56319.22220570827,56319.27928831242,ANY,1.0455644899798977,0.041856171213744735,0.6376499831676483,0.030334899187776404,0.15435180068016052,,,,,,,,,,,,,,,,,,,,,,,,,,,,,,,,,,,,,,,,,,,,,,,,,,,,,,,,,,21.76455020904541,0.03254985809326172,2,,,
9.8286,40.36621,223,22032320,0.047355089878906804,9.829568311318464,40.36649036858878,0.0,Y,1,1,1,2013-01-27 05:19:58.577000,2013-01-27 05:23:21.490000,56319.22220570827,56319.22455425467,ANY,2.253387051243936,0.0,1.0088000297546387,0.0,0.15435180068016052,,,,,,,,,,,,,,,,,,,,,,,,,,,,,,,,,,,,,,,,,,,,,,,,,,,,,,,,,,22.0137996673584,0.0,1,,,
9.8286,40.36621,223,17433238,0.04874450493096373,9.829474188459013,40.36667515790684,2.040888914797222,Y,1,2,2,2013-01-27 05:19:58.577000,2013-01-27 06:42:10.513000,56319.22220570827,56319.27928831242,ANY,1.574838690219387,0.07299161172086421,0.9307999610900879,0.053315847659977975,0.15435180068016052,,,,,,,,,,,,,,,,,,,,,,,,,,,,,,,,,,,,,,,,,,,,,,,,,,,,,,,,,,21.870699882507324,0.015500068664550781,2,,,
9.8286,40.36621,223,6376546,0.04965043036963489,9.828585823731588,40.36538256332329,13.252059502774816,Y,1,2,2,2013-01-27 05:19:58.577000,2013-01-27 06:42:10.513000,56319.22220570827,56319.27928831242,ANY,1.0225806505449357,0.1893221479776018,0.7806499600410461,0.13512810682883863,0.15435180068016052,,,,,,,,,,,,,,,,,,,,,,,,,,,,,,,,,,,,,,,,,,,,,,,,,,,,,,,,,,23.073349952697754,0.10484981536865234,2,,,
9.8286,40.36621,223,58509004,0.049697855738264546,9.828133884881881,40.36695829942406,0.0,Y,1,1,1,2013-01-27 06:38:47.570000,2013-01-27 06:42:10.513000,56319.27693943074,56319.27928831242,ANY,2.1906450871498353,0.0,1.1128000020980835,0.0,0.15435180068016052,,,,,,,,,,,,,,,,,,,,,,,,,,,,,,,,,,,,,,,,,,,,,,,,,,,,,,,,,,22.942899703979492,0.0,1,,,
9.8286,40.36621,223,40382030,0.049939440866009106,9.827692888389695,40.36667376997947,4.334412407121632,Y,1,2,2,2013-01-27 05:19:58.577000,2013-01-27 06:42:10.513000,56319.22220570827,56319.27928831242,ANY,1.0472580790519714,0.19228745068549485,0.6941999793052673,0.014707817137452646,0.15435180068016052,,,,,,,,,,,,,,,,,,,,,,,,,,,,,,,,,,,,,,,,,,,,,,,,,,,,,,,,,,22.325400352478027,0.00010013580322265625,2,,,
145.72186,9.49338,225,60287708,0.002854670470766338,145.72187700775507,9.493335477465541,243.48936226839157,Y,3,2,4,2001-02-14 17:26:13.193000,2015-10-10 02:15:07.427000,51954.72654156713,57305.09383593034,UGC05189,2.4285783166024157,0.36491531752527573,0.28813332319259644,0.08154027799239726,0.02726808935403824,,,,,,,21.369890213012695,0.0,1,,,,22.555500030517578,0.32200050354003906,2,,,,,,,,,,,,,,,,,,,,,,,,,,,,21.305490493774414,0.0,1,22.45835018157959,0.2270498275756836,2,,,,,,,,,,,,,,,
145.72186,9.49338,225,28605006,0.005854761854705561,145.72184778479144,9.493476832742699,0.0,Y,2,1,2,2015-10-10 01:42:26.420000,2015-10-10 02:15:07.427000,57305.07113911118,57305.09383593034,SN2010JL,1.8151895516838124,0.013624527984430614,0.23360000550746918,0.0,0.02726808935403824,,,,,,,,,,,,,22.63170051574707,0.0,1,,,,,,,,,,,,,,,,,,,,,,,,,,,,,,,22.163400650024414,0.0,1,,,,,,,,,,,,,,,
145.72186,9.49338,225,15262252,0.009181163461854207,145.72191949148203,9.493521322246123,0.0,Y,2,1,2,2015-10-10 01:42:26.420000,2015-10-10 02:15:07.427000,57305.07113911118,57305.09383593034,SN2010JL,2.029941171602486,0.01988213394085061,0.22839999198913574,0.0,0.02726808935403824,,,,,,,,,,,,,22.331899642944336,0.0,1,,,,,,,,,,,,,,,,,,,,,,,,,,,,,,,22.154600143432617,0.0,1,,,,,,,,,,,,,,,
145.72186,9.49338,225,13846743,0.009732342204901386,145.72169697344248,9.493401354819184,0.0,Y,1,1,1,2015-10-10 01:42:26.420000,2015-10-10 02:07:09.410000,57305.07113911118,57305.08830332849,SN2010JL,1.9336667325761583,0.0,0.3359999656677246,0.0,0.02726808935403824,,,,,,,,,,,,,,,,,,,,,,,,,,,,,,,,,,,,,,,,,,,,,,24.265499114990234,0.0,1,,,,,,,,,,,,,,,
145.72186,9.49338,225,90015311,0.013151276506411451,145.72168939136643,9.493520455931785,0.0,Y,2,1,2,2015-10-10 01:42:26.420000,2015-10-10 02:15:07.427000,57305.07113911118,57305.09383593034,SN2010JL,1.9671993006288615,0.04528717989178488,0.31599998474121094,0.0,0.02726808935403824,,,,,,,,,,,,,24.368900299072266,0.0,1,,,,,,,,,,,,,,,,,,,,,,,,,,,,,,,24.050500869750977,0.0,1,,,,,,,,,,,,,,,
145.72186,9.49338,225,27338099,0.014013310357221517,145.7218752351426,9.493146928716834,0.0,Y,2,1,2,2015-10-10 01:42:26.420000,2015-10-10 02:15:07.427000,57305.07113911118,57305.09383593034,SN2010JL,2.10463401149301,0.051179711499221306,0.24959997832775116,0.0,0.02726808935403824,,,,,,,,,,,,,22.116600036621094,0.0,1,,,,,,,,,,,,,,,,,,,,,,,,,,,,,,,22.346099853515625,0.0,1,,,,,,,,,,,,,,,
145.72186,9.49338,225,97143651,0.01540414001913042,145.72211997214185,9.493392892893779,0.0,Y,2,1,2,2015-10-10 01:42:26.420000,2015-10-10 02:15:07.427000,57305.07113911118,57305.09383593034,SN2010JL,1.8315163936490326,0.11748139269941732,0.25999999046325684,0.0,0.02726808935403824,,,,,,,,,,,,,23.613000869750977,0.0,1,,,,,,,,,,,,,,,,,,,,,,,,,,,,,,,23.588300704956055,0.0,1,,,,,,,,,,,,,,,
145.72186,9.49338,225,102186657,0.018746319292457812,145.72212919498534,9.49354469154693,0.0,Y,2,1,2,2015-10-10 01:42:26.420000,2015-10-10 02:15:07.427000,57305.07113911118,57305.09383593034,SN2010JL,1.8004346049689,0.109194826436899,0.2955999970436096,0.0,0.02726808935403824,,,,,,,,,,,,,23.342899322509766,0.0,1,,,,,,,,,,,,,,,,,,,,,,,,,,,,,,,23.1914005279541,0.0,1,,,,,,,,,,,,,,,
145.72186,9.49338,225,69739349,0.023909556089124713,145.72225305631386,9.49328777340851,0.0,Y,1,1,1,2015-10-10 01:42:26.420000,2015-10-10 02:07:09.410000,57305.07113911118,57305.08830332849,SN2010JL,1.3832222090827093,0.0,0.26479998230934143,0.0,0.02726808935403824,,,,,,,,,,,,,,,,,,,,,,,,,,,,,,,,,,,,,,,,,,,,,,23.93400001525879,0.0,1,,,,,,,,,,,,,,,
145.72186,9.49338,225,38238818,0.02574515599944142,145.72154642547943,9.49308257685176,0.0,Y,1,1,1,2015-10-10 01:42:26.420000,2015-10-10 02:07:09.410000,57305.07113911118,57305.08830332849,SN2010JL,1.4037777317894828,0.0,0.28679999709129333,0.0,0.02726808935403824,,,,,,,,,,,,,,,,,,,,,,,,,,,,,,,,,,,,,,,,,,,,,,24.000499725341797,0.0,1,,,,,,,,,,,,,,,
145.72186,9.49338,225,89389258,0.02617708634745236,145.7219756335842,9.493801114033307,0.0,Y,1,1,1,2015-10-10 01:42:26.420000,2015-10-10 02:07:09.410000,57305.07113911118,57305.08830332849,SN2010JL,2.2567778163486056,0.0,0.3456000089645386,0.0,0.02726808935403824,,,,,,,,,,,,,,,,,,,,,,,,,,,,,,,,,,,,,,,,,,,,,,23.986799240112305,0.0,1,,,,,,,,,,,,,,,
145.72186,9.49338,225,34826638,0.027291373578449303,145.72146550569735,9.493615588709792,0.0,Y,2,1,2,2015-10-10 01:42:26.420000,2015-10-10 02:15:07.427000,57305.07113911118,57305.09383593034,SN2010JL,1.7269804197199203,0.376624535800515,0.2800000011920929,0.0,0.02726808935403824,,,,,,,,,,,,,24.064699172973633,0.0,1,,,,,,,,,,,,,,,,,,,,,,,,,,,,,,,24.471799850463867,0.0,1,,,,,,,,,,,,,,,
145.72186,9.49338,225,35824711,0.02790926421865055,145.72143309999657,9.493577693453018,0.0,Y,2,1,2,2015-10-10 01:42:26.420000,2015-10-10 02:15:07.427000,57305.07113911118,57305.09383593034,SN2010JL,1.768320300220664,0.34677813208499036,0.2784000039100647,0.0,0.02726808935403824,,,,,,,,,,,,,23.959999084472656,0.0,1,,,,,,,,,,,,,,,,,,,,,,,,,,,,,,,24.791000366210938,0.0,1,,,,,,,,,,,,,,,
145.72186,9.49338,225,31158015,0.029307900590409167,145.72215412934005,9.49377298790167,0.0,Y,2,1,2,2015-10-10 01:42:26.420000,2015-10-10 02:15:07.427000,57305.07113911118,57305.09383593034,SN2010JL,2.189274551042544,0.11227744142759369,0.3019999861717224,0.0,0.02726808935403824,,,,,,,,,,,,,24.213699340820312,0.0,1,,,,,,,,,,,,,,,,,,,,,,,,,,,,,,,24.155899047851562,0.0,1,,,,,,,,,,,,,,,
145.72186,9.49338,225,97657506,0.031514355240054095,145.72217400635824,9.49295578497379,0.0,Y,1,1,1,2015-10-10 01:42:26.420000,2015-10-10 02:07:09.410000,57305.07113911118,57305.08830332849,SN2010JL,1.685111125310262,0.0,0.32919996976852417,0.0,0.02726808935403824,,,,,,,,,,,,,,,,,,,,,,,,,,,,,,,,,,,,,,,,,,,,,,24.23200035095215,0.0,1,,,,,,,,,,,,,,,
145.72186,9.49338,225,76627198,0.03302165215570733,145.7215427021088,9.492927277393434,0.0,Y,1,1,1,2015-10-10 01:42:26.420000,2015-10-10 02:07:09.410000,57305.07113911118,57305.08830332849,SN2010JL,2.3397776815626354,0.0,0.3467999994754791,0.0,0.02726808935403824,,,,,,,,,,,,,,,,,,,,,,,,,,,,,,,,,,,,,,,,,,,,,,24.060100555419922,0.0,1,,,,,,,,,,,,,,,
145.72186,9.49338,225,95202476,0.035216423422916185,145.7222616050113,9.492946872149522,0.0,Y,1,1,1,2015-10-10 01:42:26.420000,2015-10-10 02:07:09.410000,57305.07113911118,57305.08830332849,SN2010JL,1.5454444620344374,0.0,0.3416000008583069,0.0,0.02726808935403824,,,,,,,,,,,,,,,,,,,,,,,,,,,,,,,,,,,,,,,,,,,,,,24.557300567626953,0.0,1,,,,,,,,,,,,,,,
145.72186,9.49338,225,41909958,0.03808193840685767,145.72123759452055,9.49354122207339,0.0,Y,2,1,2,2015-10-10 01:42:26.420000,2015-10-10 02:15:07.427000,57305.07113911118,57305.09383593034,SN2010JL,1.7383398456511157,0.16107240159718922,0.21319998800754547,0.0,0.02726808935403824,,,,,,,,,,,,,22.780399322509766,0.0,1,,,,,,,,,,,,,,,,,,,,,,,,,,,,,,,22.74530029296875,0.0,1,,,,,,,,,,,,,,,
145.72186,9.49338,225,77156841,0.03932522016700295,145.72191436851824,9.494033223007357,0.0,Y,1,1,1,2015-10-10 01:42:26.420000,2015-10-10 02:07:09.410000,57305.07113911118,57305.08830332849,SN2010JL,2.1806666586134167,0.0,0.3075999915599823,0.0,0.02726808935403824,,,,,,,,,,,,,,,,,,,,,,,,,,,,,,,,,,,,,,,,,,,,,,24.007600784301758,0.0,1,,,,,,,,,,,,,,,
145.72186,9.49338,225,12213203,0.04008292384746246,145.7211840907342,9.493423170104638,40.604021616973405,Y,3,2,4,2001-02-14 17:26:13.193000,2015-10-10 02:15:07.427000,51954.72654156713,57305.09383593034,UGC05189,2.5642756269389197,0.07104211586405344,0.2719999924302101,0.09006664385187053,0.02726808935403824,,,,,,,21.712190628051758,0.0,1,,,,22.50909996032715,0.0,1,,,,,,,,,,,,,,,,,,,,,,,,,,,,21.88739013671875,0.0,1,22.771299362182617,0.0,1,,,,,,,,,,,,,,,
145.72186,9.49338,225,78046508,0.04607869330481791,145.721411104961,9.494007507579392,0.0,Y,1,1,1,2001-02-14 17:30:13.317000,2001-02-14 18:55:33.313000,51954.72932078224,51954.78857995616,UGC05189,1.234891362812208,0.0,0.3499999940395355,0.0,0.02726808935403824,,,,,,,23.45178985595703,0.0,1,,,,,,,,,,,,,,,,,,,,,,,,,,,,,,,,,,,,,,,,,,,,,,,,,,,,,,
145.72186,9.49338,225,46102608,0.0476729287686903,145.72194398913288,9.494170218674036,0.0,Y,1,1,1,2015-10-10 01:42:26.420000,2015-10-10 02:07:09.410000,57305.07113911118,57305.08830332849,SN2010JL,1.9357777966393364,0.0,0.30559998750686646,0.0,0.02726808935403824,,,,,,,,,,,,,,,,,,,,,,,,,,,,,,,,,,,,,,,,,,,,,,23.828800201416016,0.0,1,,,,,,,,,,,,,,,
145.72186,9.49338,225,60428387,0.04824527715833489,145.72144037399184,9.494069392398943,0.0,Y,2,1,2,2015-10-10 01:42:26.420000,2015-10-10 02:15:07.427000,57305.07113911118,57305.09383593034,SN2010JL,1.5948104157167324,0.08999205010951615,0.196399986743927,0.0,0.02726808935403824,,,,,,,,,,,,,23.424400329589844,0.0,1,,,,,,,,,,,,,,,,,,,,,,,,,,,,,,,23.812000274658203,0.0,1,,,,,,,,,,,,,,,
186.273372889778,5.32911863663518,226,43283633,0.0014826437098790413,186.27339569999995,5.3291089000000005,0.0,Y,1,1,1,2016-06-05 00:04:08.623000,2016-06-05 00:23:20.657000,57544.002877544146,57544.01621125918,SDSSJ122505.40+051945.9,2.7403571775981357,0.0,0.980199933052063,0.0,0.016833389177918434,,,,,,,,,,,,,,,,,,,,,,,,,,,,,,,,,,,,,,,,,,,,,,,,,,,,,,,16.832399368286133,0.0,1,,,,,,
186.273372889778,5.32911863663518,226,100721016,0.034673304214928875,186.27395049999996,5.329175200000001,0.0,Y,1,1,1,2016-06-05 00:04:08.623000,2016-06-05 00:23:20.657000,57544.002877544146,57544.01621125918,SDSSJ122505.40+051945.9,4.083928465843201,0.0,1.2999999523162842,0.0,0.016833389177918434,,,,,,,,,,,,,,,,,,,,,,,,,,,,,,,,,,,,,,,,,,,,,,,,,,,,,,,20.402799606323242,0.0,1,,,,,,
186.273372889778,5.32911863663518,226,18271755,0.03536944716674756,186.2733147,5.328532,0.0,Y,1,1,1,2016-06-05 00:04:08.623000,2016-06-05 00:23:20.657000,57544.002877544146,57544.01621125918,SDSSJ122505.40+051945.9,4.115714345659528,0.0,1.3181999921798706,0.0,0.016833389177918434,,,,,,,,,,,,,,,,,,,,,,,,,,,,,,,,,,,,,,,,,,,,,,,,,,,,,,,21.083499908447266,0.0,1,,,,,,
186.273372889778,5.32911863663518,226,54254111,0.0404827989837426,186.27314739999997,5.3297549,0.0,Y,1,1,1,2016-06-05 00:04:08.623000,2016-06-05 00:23:20.657000,57544.002877544146,57544.01621125918,SDSSJ122505.40+051945.9,3.176964180810111,0.0,1.2375999689102173,0.0,0.016833389177918434,,,,,,,,,,,,,,,,,,,,,,,,,,,,,,,,,,,,,,,,,,,,,,,,,,,,,,,20.686399459838867,0.0,1,,,,,,
186.273372889778,5.32911863663518,226,33961040,0.04211088707031257,186.27268819999998,5.3289518000000005,0.0,Y,1,1,1,2016-06-05 00:04:08.623000,2016-06-05 00:23:20.657000,57544.002877544146,57544.01621125918,SDSSJ122505.40+051945.9,3.9682141372135704,0.0,1.277899980545044,0.0,0.016833389177918434,,,,,,,,,,,,,,,,,,,,,,,,,,,,,,,,,,,,,,,,,,,,,,,,,,,,,,,21.25309944152832,0.0,1,,,,,,
186.273372889778,5.32911863663518,226,81347313,0.0457457427366938,186.27410960000003,5.3289107,0.0,Y,1,1,1,2016-06-05 00:04:08.623000,2016-06-05 00:23:20.657000,57544.002877544146,57544.01621125918,SDSSJ122505.40+051945.9,4.065892951829093,0.0,1.2596999406814575,0.0,0.016833389177918434,,,,,,,,,,,,,,,,,,,,,,,,,,,,,,,,,,,,,,,,,,,,,,,,,,,,,,,20.966100692749023,0.0,1,,,,,,
230.771261586163,11.7648208854983,228,65983306,0.022115309699931102,230.77095477457974,11.765034515137426,0.0,Y,2,1,2,2016-06-23 11:52:37.977000,2016-06-23 15:15:13.960000,57562.49488392146,57562.63557823608,SDSS-J152304.97+114553.6,1.469969640140861,0.18055384397541493,0.298799991607666,0.0,0.03739501163363457,,,,,,,,,,,,,,,,,,,,,,25.278200149536133,0.0,1,,,,,,,,,,,,,24.591999053955078,0.0,1,,,,,,,,,,,,,,,,,,,,,,,,
230.771261586163,11.7648208854983,228,103627490,0.027122627126983097,230.77169172810747,11.76465652814216,0.0,Y,2,1,2,2016-06-23 11:52:37.977000,2016-06-23 15:15:13.960000,57562.49488392146,57562.63557823608,SDSS-J152304.97+114553.6,1.5246215838725816,0.2711050106020422,0.26919999718666077,0.0,0.03739501163363457,,,,,,,,,,,,,,,,,,,,,,26.053699493408203,0.0,1,,,,,,,,,,,,,25.213600158691406,0.0,1,,,,,,,,,,,,,,,,,,,,,,,,
230.771261586163,11.7648208854983,228,57359705,0.029901901750683073,230.77075748613817,11.76489027837296,166.37602942692402,Y,4,2,4,2016-06-23 11:52:37.977000,2016-09-08 05:37:47.900000,57562.49488392146,57639.23458212521,SDSSJ152303.80+114546.0,3.042233719235994,1.2379655649143213,0.41077497601509094,0.19448135155614799,0.03739501163363457,,,,,,,,,,,,,,,,,,,,,,22.559499740600586,0.0,1,,,,,,,,,,,,,22.69059944152832,0.0,1,,,,,,,,,,,,,,,,21.525699615478516,0.0,1,,,,21.29199981689453,0.0,1
230.771261586163,11.7648208854983,228,16344515,0.04030753423905981,230.77059886969337,11.76499515714776,0.0,Y,2,1,2,2016-06-23 11:52:37.977000,2016-06-23 15:15:13.960000,57562.49488392146,57562.63557823608,SDSS-J152304.97+114553.6,2.6199800106316102,0.13684164964460763,0.3303999900817871,0.0,0.03739501163363457,,,,,,,,,,,,,,,,,,,,,,24.792400360107422,0.0,1,,,,,,,,,,,,,24.861099243164062,0.0,1,,,,,,,,,,,,,,,,,,,,,,,,
230.771261586163,11.7648208854983,228,62249001,0.043287084217204154,230.77177491211046,11.765338518333062,0.0,Y,2,1,2,2016-06-23 11:52:37.977000,2016-06-23 15:15:13.960000,57562.49488392146,57562.63557823608,SDSS-J152304.97+114553.6,1.681405791598328,0.4968003175068596,0.2895999848842621,0.0,0.03739501163363457,,,,,,,,,,,,,,,,,,,,,,25.521499633789062,0.0,1,,,,,,,,,,,,,25.58489990234375,0.0,1,,,,,,,,,,,,,,,,,,,,,,,,
57.34663,-11.99095,240,69173407,0.0005629248295598396,57.34662352219791,-11.990943080988671,0.0,Y,1,1,1,1997-03-26 12:33:45,1997-03-26 12:45:00,50533.5234375,50533.53125,1ES0347-121,1.3687853085792672,0.0,0.45499999999999996,0.0,0.04711101949214935,,,,,,,,,,,,,,,,,,,,,,,,,,,,,,,,,,18.7185001373291,0.0,1,,,,,,,,,,,,,,,,,,,,,,,,,,,
233.606638722924,4.13519108365401,242,24824978,0.0033655664450244586,233.60658248506053,4.135191467845395,0.0,Y,1,1,1,2008-04-14 07:32:17.243000,2008-04-14 09:12:17.367000,54570.314088437706,54570.38353431923,SDSSJ153425.59+040806.7,3.5980447044585673,0.0,0.45499999999999996,0.0,0.04609844088554382,,,,,,,,,,,,,,,,,,,,,,,,,,,,,,,,,,,,,,,,,,,20.7721004486084,0.0,1,,,,,,,,,,,,,,,,,,
172.490154698503,65.6347152716348,244,56184539,0.004697321634188642,172.49011171936942,65.63463901729126,0.0,Y,1,1,1,2016-04-24 13:38:21.547000,2016-04-24 13:57:33.613000,57502.568304902874,57502.58163901139,SDSSJ112957.62+653804.8,2.394642787320273,0.0,0.9060999155044556,0.0,0.011362570337951183,,,,,,,,,,,,,,,,,,,,,,,,,,,,,,,,,,,,,,,,,,,,,,,,,,,,,,,18.515399932861328,0.0,1,,,,,,
172.490154698503,65.6347152716348,244,37385976,0.037007380553533135,172.4908244202345,65.63526671697656,0.0,Y,1,1,1,2016-04-24 13:38:21.547000,2016-04-24 13:57:33.613000,57502.568304902874,57502.58163901139,SDSSJ112957.62+653804.8,3.959821377481733,0.0,1.2908999919891357,0.0,0.011362570337951183,,,,,,,,,,,,,,,,,,,,,,,,,,,,,,,,,,,,,,,,,,,,,,,,,,,,,,,22.65060043334961,0.0,1,,,,,,
143.164432216215,51.2619192308721,255,469528,0.0048917192767170565,143.1644248375258,51.26183783307086,0.0,Y,1,1,1,2008-11-14 13:00:13.200000,2008-11-14 13:28:13.323000,54784.541819439735,54784.561265280005,SDSSJ093239.47+511542.6,2.3530726659231345,0.0,0.45499999999999996,0.0,0.01671409048140049,,,,,,,,,,,,,,,,,,,,,,,,,,,,,,,,,,,,,,,,,,,18.688690185546875,0.0,1,,,,,,,,,,,,,,,,,,
167.301657446088,61.3964084813792,256,27441249,0.002431057006389019,167.30159170779302,61.39638296296628,0.0,Y,1,1,1,2008-11-14 22:39:13.200000,2008-11-14 23:07:13.327000,54784.94390277332,54784.963348648045,SDSSJ110912.39+612346.7,4.007402079065419,0.0,0.45499999999999996,0.0,0.009809169918298721,,,,,,,,,,,,,,,,,,,,,,,,,,,,,,,,,,,,,,,,,,,22.167499542236328,0.0,1,,,,,,,,,,,,,,,,,,
167.301657446088,61.3964084813792,256,53053659,0.007542711982770567,167.30158600507576,61.396287511627214,0.0,N,1,1,1,2016-02-03 10:25:41.363000,2016-02-03 10:44:53.430000,57421.434506451245,57421.44784060167,SDSSJ110912.37+612347.0,1.7958928431783403,0.0,0.9359999299049377,0.0,0.009809169918298721,,,,,,,,,,,,,,,,,,,,,,,,,,,,,,,,,,,,,,,,,,,,,,,,,,,,,,,20.59119987487793,0.0,1,,,,,,
167.301657446088,61.3964084813792,256,77958657,0.012831952499473031,167.30178535838982,61.39661339255836,0.0,N,1,1,1,2016-02-03 10:25:41.363000,2016-02-03 10:44:53.430000,57421.434506451245,57421.44784060167,SDSSJ110912.37+612347.0,4.051964197840009,0.0,1.2856999635696411,0.0,0.009809169918298721,,,,,,,,,,,,,,,,,,,,,,,,,,,,,,,,,,,,,,,,,,,,,,,,,,,,,,,22.135299682617188,0.0,1,,,,,,
167.301657446088,61.3964084813792,256,95851519,0.015275734317521767,167.3020829224908,61.396561213985706,0.0,N,1,1,1,2016-02-03 10:25:41.363000,2016-02-03 10:44:53.430000,57421.434506451245,57421.44784060167,SDSSJ110912.37+612347.0,3.724999938692365,0.0,1.2583999633789062,0.0,0.009809169918298721,,,,,,,,,,,,,,,,,,,,,,,,,,,,,,,,,,,,,,,,,,,,,,,,,,,,,,,22.32830047607422,0.0,1,,,,,,
167.301657446088,61.3964084813792,256,89401438,0.02178165520945486,167.30205563127333,61.39671743060111,0.0,N,1,1,1,2016-02-03 10:25:41.363000,2016-02-03 10:44:53.430000,57421.434506451245,57421.44784060167,SDSSJ110912.37+612347.0,3.8126783711569647,0.0,1.1934000253677368,0.0,0.009809169918298721,,,,,,,,,,,,,,,,,,,,,,,,,,,,,,,,,,,,,,,,,,,,,,,,,,,,,,,22.750099182128906,0.0,1,,,,,,
167.301657446088,61.3964084813792,256,25138910,0.023605239378404023,167.30190223949742,61.396032921537916,0.0,N,1,1,1,2016-02-03 10:25:41.363000,2016-02-03 10:44:53.430000,57421.434506451245,57421.44784060167,SDSSJ110912.37+612347.0,4.087857263428824,0.0,1.2596999406814575,0.0,0.009809169918298721,,,,,,,,,,,,,,,,,,,,,,,,,,,,,,,,,,,,,,,,,,,,,,,,,,,,,,,22.017799377441406,0.0,1,,,,,,
167.301657446088,61.3964084813792,256,51258738,0.02501295596112629,167.3013787548622,61.396803436753416,0.0,N,1,1,1,2016-02-03 10:25:41.363000,2016-02-03 10:44:53.430000,57421.434506451245,57421.44784060167,SDSSJ110912.37+612347.0,3.9641069514410834,0.0,1.2947999238967896,0.0,0.009809169918298721,,,,,,,,,,,,,,,,,,,,,,,,,,,,,,,,,,,,,,,,,,,,,,,,,,,,,,,22.37380027770996,0.0,1,,,,,,
167.301657446088,61.3964084813792,256,73681065,0.02544771701086132,167.30078501278888,61.39648219239961,0.0,N,1,1,1,2016-02-03 10:25:41.363000,2016-02-03 10:44:53.430000,57421.434506451245,57421.44784060167,SDSSJ110912.37+612347.0,3.811607190540858,0.0,1.2532000541687012,0.0,0.009809169918298721,,,,,,,,,,,,,,,,,,,,,,,,,,,,,,,,,,,,,,,,,,,,,,,,,,,,,,,22.527599334716797,0.0,1,,,,,,
167.301657446088,61.3964084813792,256,102029683,0.026354604635865836,167.30082054885162,61.396228470685685,0.0,N,1,1,1,2016-02-03 10:25:41.363000,2016-02-03 10:44:53.430000,57421.434506451245,57421.44784060167,SDSSJ110912.37+612347.0,4.041785853249686,0.0,1.280500054359436,0.0,0.009809169918298721,,,,,,,,,,,,,,,,,,,,,,,,,,,,,,,,,,,,,,,,,,,,,,,,,,,,,,,22.53890037536621,0.0,1,,,,,,
167.301657446088,61.3964084813792,256,71905623,0.026538017574867102,167.302316812491,61.39609867296368,0.0,N,1,1,1,2016-02-03 10:25:41.363000,2016-02-03 10:44:53.430000,57421.434506451245,57421.44784060167,SDSSJ110912.37+612347.0,3.937142661639622,0.0,1.2635999917984009,0.0,0.009809169918298721,,,,,,,,,,,,,,,,,,,,,,,,,,,,,,,,,,,,,,,,,,,,,,,,,,,,,,,22.428699493408203,0.0,1,,,,,,
167.301657446088,61.3964084813792,256,52966809,0.026985452920046647,167.3025551707124,61.3965410306808,0.0,N,1,1,1,2016-02-03 10:25:41.363000,2016-02-03 10:44:53.430000,57421.434506451245,57421.44784060167,SDSSJ110912.37+612347.0,3.984821268490382,0.0,1.2896000146865845,0.0,0.009809169918298721,,,,,,,,,,,,,,,,,,,,,,,,,,,,,,,,,,,,,,,,,,,,,,,,,,,,,,,22.885700225830078,0.0,1,,,,,,
167.301657446088,61.3964084813792,256,13403275,0.028706553360116533,167.30095622811626,61.39606758904751,0.0,N,1,1,1,2016-02-03 10:25:41.363000,2016-02-03 10:44:53.430000,57421.434506451245,57421.44784060167,SDSSJ110912.37+612347.0,4.081964492797852,0.0,1.2739999294281006,0.0,0.009809169918298721,,,,,,,,,,,,,,,,,,,,,,,,,,,,,,,,,,,,,,,,,,,,,,,,,,,,,,,22.524499893188477,0.0,1,,,,,,
167.301657446088,61.3964084813792,256,54641511,0.032568185612646364,167.3013628539362,61.3958843211254,96.57066078816332,Y,2,2,2,2008-11-14 22:39:13.200000,2016-02-03 10:44:53.430000,54784.94390277332,57421.44784060167,SDSSJ110912.39+612346.7,3.231449419868915,0.24594252317306778,0.8164000296592713,0.5110968233861801,0.009809169918298721,,,,,,,,,,,,,,,,,,,,,,,,,,,,,,,,,,,,,,,,,,,22.902599334716797,0.0,1,,,,,,,,,,21.8351993560791,0.0,1,,,,,,
167.301657446088,61.3964084813792,256,100547901,0.033404011962473,167.30279874485117,61.396301684199905,0.0,N,1,1,1,2016-02-03 10:25:41.363000,2016-02-03 10:44:53.430000,57421.434506451245,57421.44784060167,SDSSJ110912.37+612347.0,3.4480356744357517,0.0,1.2193999290466309,0.0,0.009809169918298721,,,,,,,,,,,,,,,,,,,,,,,,,,,,,,,,,,,,,,,,,,,,,,,,,,,,,,,22.87619972229004,0.0,1,,,,,,
167.301657446088,61.3964084813792,256,59692415,0.03665371264902049,167.30106413597983,61.39694932570317,0.0,N,1,1,1,2016-02-03 10:25:41.363000,2016-02-03 10:44:53.430000,57421.434506451245,57421.44784060167,SDSSJ110912.37+612347.0,3.8132143872124806,0.0,1.2635999917984009,0.0,0.009809169918298721,,,,,,,,,,,,,,,,,,,,,,,,,,,,,,,,,,,,,,,,,,,,,,,,,,,,,,,22.545700073242188,0.0,1,,,,,,
167.301657446088,61.3964084813792,256,105714438,0.03722896381841596,167.30284186513856,61.39615655810701,0.0,N,1,1,1,2016-02-03 10:25:41.363000,2016-02-03 10:44:53.430000,57421.434506451245,57421.44784060167,SDSSJ110912.37+612347.0,3.7132143974304195,0.0,1.2051000595092773,0.0,0.009809169918298721,,,,,,,,,,,,,,,,,,,,,,,,,,,,,,,,,,,,,,,,,,,,,,,,,,,,,,,22.87470054626465,0.0,1,,,,,,
167.301657446088,61.3964084813792,256,18671474,0.03764490715621745,167.30274773535626,61.39675661551102,0.0,N,1,1,1,2016-02-03 10:25:41.363000,2016-02-03 10:44:53.430000,57421.434506451245,57421.44784060167,SDSSJ110912.37+612347.0,3.236071339675358,0.0,1.2076998949050903,0.0,0.009809169918298721,,,,,,,,,,,,,,,,,,,,,,,,,,,,,,,,,,,,,,,,,,,,,,,,,,,,,,,23.668100357055664,0.0,1,,,,,,
167.301657446088,61.3964084813792,256,18178911,0.03827316147382581,167.30087337033927,61.39589273847466,0.0,N,1,1,1,2016-02-03 10:25:41.363000,2016-02-03 10:44:53.430000,57421.434506451245,57421.44784060167,SDSSJ110912.37+612347.0,3.771964141300746,0.0,1.236299991607666,0.0,0.009809169918298721,,,,,,,,,,,,,,,,,,,,,,,,,,,,,,,,,,,,,,,,,,,,,,,,,,,,,,,22.65999984741211,0.0,1,,,,,,
167.301657446088,61.3964084813792,256,34254552,0.0385937906038195,167.30232646346914,61.395850666785606,0.0,N,1,1,1,2016-02-03 10:25:41.363000,2016-02-03 10:44:53.430000,57421.434506451245,57421.44784060167,SDSSJ110912.37+612347.0,3.9123215845652983,0.0,1.2753000259399414,0.0,0.009809169918298721,,,,,,,,,,,,,,,,,,,,,,,,,,,,,,,,,,,,,,,,,,,,,,,,,,,,,,,22.50629997253418,0.0,1,,,,,,
167.301657446088,61.3964084813792,256,101896346,0.04017841077044935,167.30146388576702,61.39574528402874,0.0,N,1,1,1,2016-02-03 10:25:41.363000,2016-02-03 10:44:53.430000,57421.434506451245,57421.44784060167,SDSSJ110912.37+612347.0,3.015178654875074,0.0,1.1790999174118042,0.0,0.009809169918298721,,,,,,,,,,,,,,,,,,,,,,,,,,,,,,,,,,,,,,,,,,,,,,,,,,,,,,,22.487300872802734,0.0,1,,,,,,
167.301657446088,61.3964084813792,256,64865131,0.04076492459939165,167.30237325879645,61.39699514051113,0.0,N,1,1,1,2016-02-03 10:25:41.363000,2016-02-03 10:44:53.430000,57421.434506451245,57421.44784060167,SDSSJ110912.37+612347.0,2.969464233943394,0.0,1.2323999404907227,0.0,0.009809169918298721,,,,,,,,,,,,,,,,,,,,,,,,,,,,,,,,,,,,,,,,,,,,,,,,,,,,,,,23.707700729370117,0.0,1,,,,,,
167.301657446088,61.3964084813792,256,102046662,0.043264761626577344,167.30309877283787,61.39661780472704,0.0,N,1,1,1,2016-02-03 10:25:41.363000,2016-02-03 10:44:53.430000,57421.434506451245,57421.44784060167,SDSSJ110912.37+612347.0,3.3010714820453098,0.0,1.2765998840332031,0.0,0.009809169918298721,,,,,,,,,,,,,,,,,,,,,,,,,,,,,,,,,,,,,,,,,,,,,,,,,,,,,,,24.496299743652344,0.0,1,,,,,,
167.301657446088,61.3964084813792,256,101454980,0.04396907046812334,167.30018082382023,61.3966015550034,0.0,N,1,1,1,2016-02-03 10:25:41.363000,2016-02-03 10:44:53.430000,57421.434506451245,57421.44784060167,SDSSJ110912.37+612347.0,3.124821398939405,0.0,1.2232999801635742,0.0,0.009809169918298721,,,,,,,,,,,,,,,,,,,,,,,,,,,,,,,,,,,,,,,,,,,,,,,,,,,,,,,23.34589958190918,0.0,1,,,,,,
167.301657446088,61.3964084813792,256,72444479,0.04502694580922628,167.3032239544869,61.39638142926734,0.0,N,1,1,1,2016-02-03 10:25:41.363000,2016-02-03 10:44:53.430000,57421.434506451245,57421.44784060167,SDSSJ110912.37+612347.0,3.4758927566664557,0.0,1.2297999858856201,0.0,0.009809169918298721,,,,,,,,,,,,,,,,,,,,,,,,,,,,,,,,,,,,,,,,,,,,,,,,,,,,,,,23.75979995727539,0.0,1,,,,,,
167.301657446088,61.3964084813792,256,57089082,0.04742271883145179,167.3031988844951,61.39612544390379,0.0,N,1,1,1,2016-02-03 10:25:41.363000,2016-02-03 10:44:53.430000,57421.434506451245,57421.44784060167,SDSSJ110912.37+612347.0,2.5446427719933644,0.0,1.1257998943328857,0.0,0.009809169918298721,,,,,,,,,,,,,,,,,,,,,,,,,,,,,,,,,,,,,,,,,,,,,,,,,,,,,,,23.315399169921875,0.0,1,,,,,,
167.301657446088,61.3964084813792,256,73080096,0.04806963994892231,167.3007017409053,61.39706614326538,0.0,N,1,1,1,2016-02-03 10:25:41.363000,2016-02-03 10:44:53.430000,57421.434506451245,57421.44784060167,SDSSJ110912.37+612347.0,3.707678403173174,0.0,1.2323999404907227,0.0,0.009809169918298721,,,,,,,,,,,,,,,,,,,,,,,,,,,,,,,,,,,,,,,,,,,,,,,,,,,,,,,22.936899185180664,0.0,1,,,,,,
167.301657446088,61.3964084813792,256,105034843,0.048825161789606185,167.30306332799537,61.39595112494256,0.0,N,1,1,1,2016-02-03 10:25:41.363000,2016-02-03 10:44:53.430000,57421.434506451245,57421.44784060167,SDSSJ110912.37+612347.0,3.8419642618724272,0.0,1.271399974822998,0.0,0.009809169918298721,,,,,,,,,,,,,,,,,,,,,,,,,,,,,,,,,,,,,,,,,,,,,,,,,,,,,,,23.781999588012695,0.0,1,,,,,,
167.301657446088,61.3964084813792,256,23013717,0.04923429923058749,167.2999436824343,61.396394896926054,0.0,N,1,1,1,2016-02-03 10:25:41.363000,2016-02-03 10:44:53.430000,57421.434506451245,57421.44784060167,SDSSJ110912.37+612347.0,3.0819643821035108,0.0,1.2142000198364258,0.0,0.009809169918298721,,,,,,,,,,,,,,,,,,,,,,,,,,,,,,,,,,,,,,,,,,,,,,,,,,,,,,,24.153099060058594,0.0,1,,,,,,
130.520538855998,40.65957887909,264,108155282,0.0016585517836043631,130.52053412741301,40.659551470289905,168.03713427912368,Y,2,2,2,2009-01-21 09:35:12.323000,2016-05-29 10:44:56.657000,54852.39944815496,57537.44787792582,SDSSJ084204.94+403934.4,3.386897477785873,0.004703875888033906,0.7448999667167664,0.4099804646623598,0.043877050280570984,,,,,,,,,,,,,,,,,,,,,,,,,,,,,,,,,,,,,,,,,,,21.002899169921875,0.0,1,,,,,,,,,,19.675199508666992,0.0,1,,,,,,
130.520538855998,40.65957887909,264,74655221,0.030135343016432704,130.5205512482549,40.65907671135757,0.0,Y,1,1,1,2016-05-29 10:25:44.623000,2016-05-29 10:44:56.657000,57537.43454421079,57537.44787792582,SDSSJ084204.92+403934.5,4.067321334566389,0.0,1.192099928855896,0.0,0.043877050280570984,,,,,,,,,,,,,,,,,,,,,,,,,,,,,,,,,,,,,,,,,,,,,,,,,,,,,,,21.242599487304688,0.0,1,,,,,,
130.520538855998,40.65957887909,264,55202340,0.03284821050780525,130.52051830018846,40.66012612714788,0.0,Y,1,1,1,2016-05-29 10:25:44.623000,2016-05-29 10:44:56.657000,57537.43454421079,57537.44787792582,SDSSJ084204.92+403934.5,4.124642695699419,0.0,1.138800024986267,0.0,0.043877050280570984,,,,,,,,,,,,,,,,,,,,,,,,,,,,,,,,,,,,,,,,,,,,,,,,,,,,,,,21.333499908447266,0.0,1,,,,,,
130.520538855998,40.65957887909,264,49345263,0.03395675529714778,130.52115141807298,40.659901931289966,0.0,Y,1,1,1,2016-05-29 10:25:44.623000,2016-05-29 10:44:56.657000,57537.43454421079,57537.44787792582,SDSSJ084204.92+403934.5,4.141428640910557,0.0,1.271399974822998,0.0,0.043877050280570984,,,,,,,,,,,,,,,,,,,,,,,,,,,,,,,,,,,,,,,,,,,,,,,,,,,,,,,22.360700607299805,0.0,1,,,,,,
130.520538855998,40.65957887909,264,103617210,0.03859181531760389,130.52091738862998,40.65900334028042,0.0,Y,1,1,1,2016-05-29 10:25:44.623000,2016-05-29 10:44:56.657000,57537.43454421079,57537.44787792582,SDSSJ084204.92+403934.5,4.068392940929957,0.0,1.1998999118804932,0.0,0.043877050280570984,,,,,,,,,,,,,,,,,,,,,,,,,,,,,,,,,,,,,,,,,,,,,,,,,,,,,,,21.770299911499023,0.0,1,,,,,,
130.520538855998,40.65957887909,264,67614529,0.04083593946523713,130.5214326074794,40.659519399781985,0.0,Y,1,1,1,2016-05-29 10:25:44.623000,2016-05-29 10:44:56.657000,57537.43454421079,57537.44787792582,SDSSJ084204.92+403934.5,4.090535640716553,0.0,1.2753000259399414,0.0,0.043877050280570984,,,,,,,,,,,,,,,,,,,,,,,,,,,,,,,,,,,,,,,,,,,,,,,,,,,,,,,22.454099655151367,0.0,1,,,,,,
130.520538855998,40.65957887909,264,20798473,0.04411735460742372,130.51957330379005,40.65951446838869,0.0,Y,1,1,1,2016-05-29 10:25:44.623000,2016-05-29 10:44:56.657000,57537.43454421079,57537.44787792582,SDSSJ084204.92+403934.5,4.072857328823634,0.0,1.2480000257492065,0.0,0.043877050280570984,,,,,,,,,,,,,,,,,,,,,,,,,,,,,,,,,,,,,,,,,,,,,,,,,,,,,,,22.712900161743164,0.0,1,,,,,,
130.520538855998,40.65957887909,264,25996901,0.0452245290307866,130.51954840479289,40.65963888006791,0.0,Y,1,1,1,2016-05-29 10:25:44.623000,2016-05-29 10:44:56.657000,57537.43454421079,57537.44787792582,SDSSJ084204.92+403934.5,4.004107202802385,0.0,1.2739999294281006,0.0,0.043877050280570984,,,,,,,,,,,,,,,,,,,,,,,,,,,,,,,,,,,,,,,,,,,,,,,,,,,,,,,22.77359962463379,0.0,1,,,,,,
130.520538855998,40.65957887909,264,76877217,0.0453693940371898,130.52148696627586,40.65934547432129,0.0,Y,1,1,1,2016-05-29 10:25:44.623000,2016-05-29 10:44:56.657000,57537.43454421079,57537.44787792582,SDSSJ084204.92+403934.5,4.098571624074663,0.0,1.2635999917984009,0.0,0.043877050280570984,,,,,,,,,,,,,,,,,,,,,,,,,,,,,,,,,,,,,,,,,,,,,,,,,,,,,,,22.401500701904297,0.0,1,,,,,,
130.520538855998,40.65957887909,264,85094740,0.046212761469344554,130.5195924825566,40.659857859559196,0.0,Y,1,1,1,2016-05-29 10:25:44.623000,2016-05-29 10:44:56.657000,57537.43454421079,57537.44787792582,SDSSJ084204.92+403934.5,4.110535553523472,0.0,1.271399974822998,0.0,0.043877050280570984,,,,,,,,,,,,,,,,,,,,,,,,,,,,,,,,,,,,,,,,,,,,,,,,,,,,,,,22.425800323486328,0.0,1,,,,,,
130.520538855998,40.65957887909,264,93640793,0.04832845929022656,130.5196082709552,40.65996675222466,0.0,Y,1,1,1,2016-05-29 10:25:44.623000,2016-05-29 10:44:56.657000,57537.43454421079,57537.44787792582,SDSSJ084204.92+403934.5,4.041428651128496,0.0,1.2401999235153198,0.0,0.043877050280570984,,,,,,,,,,,,,,,,,,,,,,,,,,,,,,,,,,,,,,,,,,,,,,,,,,,,,,,22.48870086669922,0.0,1,,,,,,
168.330161836519,4.74034054680328,265,37669275,0.001067821275693852,168.33015558056698,4.740323877540822,0.0,Y,1,1,1,2016-03-29 07:05:09.490000,2016-03-29 07:24:21.553000,57476.29524871288,57476.308582775295,SDSSJ111319.23+044425.1,2.6344642043113704,0.0,0.9775999784469604,0.0,0.06273849308490753,,,,,,,,,,,,,,,,,,,,,,,,,,,,,,,,,,,,,,,,,,,,,,,,,,,,,,,18.731399536132812,0.0,1,,,,,,
168.330161836519,4.74034054680328,265,48507373,0.023025726921654163,168.3303336805306,4.740683977562212,0.0,Y,1,1,1,2016-03-29 07:05:09.490000,2016-03-29 07:24:21.553000,57476.29524871288,57476.308582775295,SDSSJ111319.23+044425.1,4.237499833106995,0.0,1.2947999238967896,0.0,0.06273849308490753,,,,,,,,,,,,,,,,,,,,,,,,,,,,,,,,,,,,,,,,,,,,,,,,,,,,,,,21.004600524902344,0.0,1,,,,,,
168.330161836519,4.74034054680328,265,44958850,0.030045682614752788,168.3303876805202,4.740787877568699,0.0,Y,1,1,1,2016-03-29 07:05:09.490000,2016-03-29 07:24:21.553000,57476.29524871288,57476.308582775295,SDSSJ111319.23+044425.1,3.9875000715255733,0.0,1.2518999576568604,0.0,0.06273849308490753,,,,,,,,,,,,,,,,,,,,,,,,,,,,,,,,,,,,,,,,,,,,,,,,,,,,,,,21.6382999420166,0.0,1,,,,,,
168.330161836519,4.74034054680328,265,44315381,0.03069800170136941,168.33016348050344,4.740852177541771,0.0,Y,1,1,1,2016-03-29 07:05:09.490000,2016-03-29 07:24:21.553000,57476.29524871288,57476.308582775295,SDSSJ111319.23+044425.1,3.904285601207188,0.0,1.2817999124526978,0.0,0.06273849308490753,,,,,,,,,,,,,,,,,,,,,,,,,,,,,,,,,,,,,,,,,,,,,,,,,,,,,,,21.84000015258789,0.0,1,,,,,,
168.330161836519,4.74034054680328,265,40422067,0.032598927481241546,168.3296508805676,4.740151077480202,0.0,Y,1,1,1,2016-03-29 07:05:09.490000,2016-03-29 07:24:21.553000,57476.29524871288,57476.308582775295,SDSSJ111319.23+044425.1,4.04124983719417,0.0,1.2961000204086304,0.0,0.06273849308490753,,,,,,,,,,,,,,,,,,,,,,,,,,,,,,,,,,,,,,,,,,,,,,,,,,,,,,,22.128299713134766,0.0,1,,,,,,
168.330161836519,4.74034054680328,265,72750873,0.03664283764224633,168.32956778052318,4.740490477470222,0.0,Y,1,1,1,2016-03-29 07:05:09.490000,2016-03-29 07:24:21.553000,57476.29524871288,57476.308582775295,SDSSJ111319.23+044425.1,3.8073216165815076,0.0,1.2401999235153198,0.0,0.06273849308490753,,,,,,,,,,,,,,,,,,,,,,,,,,,,,,,,,,,,,,,,,,,,,,,,,,,,,,,23.030399322509766,0.0,1,,,,,,
168.330161836519,4.74034054680328,265,98170093,0.039272211344688626,168.32985548062294,4.739761577504779,0.0,Y,1,1,1,2016-03-29 07:05:09.490000,2016-03-29 07:24:21.553000,57476.29524871288,57476.308582775295,SDSSJ111319.23+044425.1,3.9399998528616766,0.0,1.2700999975204468,0.0,0.06273849308490753,,,,,,,,,,,,,,,,,,,,,,,,,,,,,,,,,,,,,,,,,,,,,,,,,,,,,,,21.742399215698242,0.0,1,,,,,,
168.330161836519,4.74034054680328,265,81418489,0.04718071704875518,168.32983118063828,4.73962657750186,0.0,Y,1,1,1,2016-03-29 07:05:09.490000,2016-03-29 07:24:21.553000,57476.29524871288,57476.308582775295,SDSSJ111319.23+044425.1,3.6580358232770642,0.0,1.3324999809265137,0.0,0.06273849308490753,,,,,,,,,,,,,,,,,,,,,,,,,,,,,,,,,,,,,,,,,,,,,,,,,,,,,,,22.2992000579834,0.0,1,,,,,,
192.491159902191,5.3113741580306,268,78112468,0.005517785533135842,192.49112712041165,5.311460133456904,0.0,Y,1,1,1,2006-12-20 13:27:27.263000,2006-12-20 15:19:28.313000,54089.56073221052,54089.63852208108,NGC4713,2.373425828086005,0.0,0.17499999701976776,0.0,0.02745823934674263,,,,,,,,,,,,,,,,,,,,,,,,,,,,22.263700485229492,0.0,1,,,,,,,,,,,,,,,,,,,,,,,,,,,,,,,,,
179.84306100429,51.3025771735328,272,44137164,0.004197904156566279,179.84311099584198,51.30251457777758,0.0,Y,1,1,1,2016-08-01 07:05:49.770000,2016-08-01 07:25:01.803000,57601.295714912005,57601.309048585594,SDSSJ115922.33+511809.2,2.58214282138007,0.0,0.45499998331069946,0.0,0.03278161957859993,,,,,,,,,,,,,,,,,,,,,,,,,,,,,,,,,,,,,,,,,,,,,,,,,,,,,,,18.55940055847168,0.0,1,,,,,,
143.111703502904,42.0880440515334,277,87192186,0.0034537363531701695,143.111679762018,42.08798925186235,0.0,Y,1,1,1,2008-11-13 21:01:13.197000,2008-11-13 21:29:13.323000,54783.87584714359,54783.895293071866,SDSSJ093226.81+420516.9,2.5583798658914407,0.0,0.45499999999999996,0.0,0.018099680542945862,,,,,,,,,,,,,,,,,,,,,,,,,,,,,,,,,,,,,,,,,,,19.177000045776367,0.0,1,,,,,,,,,,,,,,,,,,
155.717594881021,46.7057773228644,278,61486215,0.0011986719325323717,155.7175703,46.7057666,0.0,Y,1,1,1,2009-01-20 08:20:12.323000,2009-01-20 10:06:12.447000,54851.34736482194,54851.42097737035,SDSSJ102252.20+464220.8,2.3638268089827212,0.0,0.45499999999999996,0.0,0.011195319704711437,,,,,,,,,,,,,,,,,,,,,,,,,,,,,,,,,,,,,,,,,,,18.929000854492188,0.0,1,,,,,,,,,,,,,,,,,,
146.773825237988,5.03330754446627,279,36897477,0.0007358834449221135,146.7738327,5.0333173,0.0,Y,1,1,1,2008-11-28 06:16:13.223000,2008-11-28 06:44:13.350000,54798.26126412256,54798.280710050836,SDSSJ094705.72+050159.9,2.6326815509263364,0.0,0.45499999999999996,0.0,0.02729503996670246,,,,,,,,,,,,,,,,,,,,,,,,,,,,,,,,,,,,,,,,,,,19.42799949645996,0.0,1,,,,,,,,,,,,,,,,,,
144.589780177216,6.52524271668873,280,68511895,0.0021558220043725158,144.58978888780823,6.525207844110758,0.0,Y,1,1,1,2016-02-06 21:04:31.350000,2016-02-06 21:23:43.413000,57424.87814059248,57424.8914746549,SDSSJ093821.54+063130.8,2.7073215161051065,0.0,0.9697999954223633,0.0,0.05127666890621185,,,,,,,,,,,,,,,,,,,,,,,,,,,,,,,,,,,,,,,,,,,,,,,,,,,,,,,18.306900024414062,0.0,1,,,,,,
144.589780177216,6.52524271668873,280,92523244,0.02798373837073554,144.58973238798225,6.524778744088958,0.0,Y,1,1,1,2016-02-06 21:04:31.350000,2016-02-06 21:23:43.413000,57424.87814059248,57424.8914746549,SDSSJ093821.54+063130.8,4.145357012748718,0.0,1.2869999408721924,0.0,0.05127666890621185,,,,,,,,,,,,,,,,,,,,,,,,,,,,,,,,,,,,,,,,,,,,,,,,,,,,,,,21.19230079650879,0.0,1,,,,,,
144.589780177216,6.52524271668873,280,2326452,0.0327733989072832,144.58990098799046,6.524709844154023,0.0,Y,1,1,1,2016-02-06 21:04:31.350000,2016-02-06 21:23:43.413000,57424.87814059248,57424.8914746549,SDSSJ093821.54+063130.8,4.176071286201477,0.0,1.3155999183654785,0.0,0.05127666890621185,,,,,,,,,,,,,,,,,,,,,,,,,,,,,,,,,,,,,,,,,,,,,,,,,,,,,,,21.46380043029785,0.0,1,,,,,,
144.589780177216,6.52524271668873,280,57100218,0.035479965676795316,144.5899835875557,6.5257984441858925,0.0,Y,1,1,1,2016-02-06 21:04:31.350000,2016-02-06 21:23:43.413000,57424.87814059248,57424.8914746549,SDSSJ093821.54+063130.8,4.0657141378947665,0.0,1.2596999406814575,0.0,0.05127666890621185,,,,,,,,,,,,,,,,,,,,,,,,,,,,,,,,,,,,,,,,,,,,,,,,,,,,,,,21.961599349975586,0.0,1,,,,,,
144.589780177216,6.52524271668873,280,104527690,0.04069559926477663,144.5902933879135,6.5247954443054565,0.0,Y,1,1,1,2016-02-06 21:04:31.350000,2016-02-06 21:23:43.413000,57424.87814059248,57424.8914746549,SDSSJ093821.54+063130.8,4.036428672926766,0.0,1.2934999465942383,0.0,0.05127666890621185,,,,,,,,,,,,,,,,,,,,,,,,,,,,,,,,,,,,,,,,,,,,,,,,,,,,,,,21.927200317382812,0.0,1,,,,,,
144.589780177216,6.52524271668873,280,40187273,0.04282945656906984,144.58982968751164,6.5259548441265,0.0,Y,1,1,1,2016-02-06 21:04:31.350000,2016-02-06 21:23:43.413000,57424.87814059248,57424.8914746549,SDSSJ093821.54+063130.8,3.990357262747628,0.0,1.324699878692627,0.0,0.05127666890621185,,,,,,,,,,,,,,,,,,,,,,,,,,,,,,,,,,,,,,,,,,,,,,,,,,,,,,,22.50160026550293,0.0,1,,,,,,
144.589780177216,6.52524271668873,280,61234475,0.04693612857333804,144.5904734878636,6.524871944374962,0.0,Y,1,1,1,2016-02-06 21:04:31.350000,2016-02-06 21:23:43.413000,57424.87814059248,57424.8914746549,SDSSJ093821.54+063130.8,4.009107181004115,0.0,1.2999999523162842,0.0,0.05127666890621185,,,,,,,,,,,,,,,,,,,,,,,,,,,,,,,,,,,,,,,,,,,,,,,,,,,,,,,22.251800537109375,0.0,1,,,,,,
144.589780177216,6.52524271668873,280,25550437,0.04895096366629765,144.59027428748595,6.525894344298078,0.0,Y,1,1,1,2016-02-06 21:04:31.350000,2016-02-06 21:23:43.413000,57424.87814059248,57424.8914746549,SDSSJ093821.54+063130.8,4.013571568897792,0.0,1.2896000146865845,0.0,0.05127666890621185,,,,,,,,,,,,,,,,,,,,,,,,,,,,,,,,,,,,,,,,,,,,,,,,,,,,,,,22.64080047607422,0.0,1,,,,,,
125.89519747219,3.2210423090385,294,108271220,0.009152723959759938,125.8951063,3.2209199,0.0,N,1,1,1,2016-01-27 19:24:04.373000,2016-01-27 19:43:16.403000,57414.808383942116,57414.82171758078,SDSSJ082334.84+031315.6,1.3971999883651733,0.0,0.7929999828338623,0.0,0.030554449185729027,,,,,,,,,,,,,,,,,,,,,,,,,,,,,,,,,,,,,,,,,,,,,,,,,,,,,,,18.679000854492188,0.0,1,,,,,,
125.89519747219,3.2210423090385,294,108271202,0.015533651014708424,125.8951872,3.221301,0.0,N,1,1,1,2016-01-27 19:24:04.373000,2016-01-27 19:43:16.403000,57414.808383942116,57414.82171758078,SDSSJ082334.84+031315.6,2.1135001182556152,0.0,1.1907999515533447,0.0,0.030554449185729027,,,,,,,,,,,,,,,,,,,,,,,,,,,,,,,,,,,,,,,,,,,,,,,,,,,,,,,22.54400062561035,0.0,1,,,,,,
125.89519747219,3.2210423090385,294,108271204,0.021409441699717056,125.8954907,3.2212463,0.0,N,1,1,1,2016-01-27 19:24:04.373000,2016-01-27 19:43:16.403000,57414.808383942116,57414.82171758078,SDSSJ082334.84+031315.6,1.8460999727249146,0.0,1.2180999517440796,0.0,0.030554449185729027,,,,,,,,,,,,,,,,,,,,,,,,,,,,,,,,,,,,,,,,,,,,,,,,,,,,,,,22.961200714111328,0.0,1,,,,,,
125.89519747219,3.2210423090385,294,108271188,0.02202876282775768,125.8950371,3.2213727,0.0,N,1,1,1,2016-01-27 19:24:04.373000,2016-01-27 19:43:16.403000,57414.808383942116,57414.82171758078,SDSSJ082334.84+031315.6,1.951200008392334,0.0,1.2076998949050903,0.0,0.030554449185729027,,,,,,,,,,,,,,,,,,,,,,,,,,,,,,,,,,,,,,,,,,,,,,,,,,,,,,,22.397899627685547,0.0,1,,,,,,
125.89519747219,3.2210423090385,294,108271223,0.02722857881687911,125.8955002,3.2207038,0.0,N,1,1,1,2016-01-27 19:24:04.373000,2016-01-27 19:43:16.403000,57414.808383942116,57414.82171758078,SDSSJ082334.84+031315.6,2.1231000423431396,0.0,1.2440998554229736,0.0,0.030554449185729027,,,,,,,,,,,,,,,,,,,,,,,,,,,,,,,,,,,,,,,,,,,,,,,,,,,,,,,21.122699737548828,0.0,1,,,,,,
125.89519747219,3.2210423090385,294,108271187,0.02779172123635376,125.8950974,3.2214946,0.0,N,1,1,1,2016-01-27 19:24:04.373000,2016-01-27 19:43:16.403000,57414.808383942116,57414.82171758078,SDSSJ082334.84+031315.6,1.7374999523162842,0.0,1.1790999174118042,0.0,0.030554449185729027,,,,,,,,,,,,,,,,,,,,,,,,,,,,,,,,,,,,,,,,,,,,,,,,,,,,,,,22.99839973449707,0.0,1,,,,,,
125.89519747219,3.2210423090385,294,108271186,0.028515153378186005,125.8948511,3.2213683,0.0,N,1,1,1,2016-01-27 19:24:04.373000,2016-01-27 19:43:16.403000,57414.808383942116,57414.82171758078,SDSSJ082334.84+031315.6,2.048099994659424,0.0,1.0984998941421509,0.0,0.030554449185729027,,,,,,,,,,,,,,,,,,,,,,,,,,,,,,,,,,,,,,,,,,,,,,,,,,,,,,,22.222000122070312,0.0,1,,,,,,
125.89519747219,3.2210423090385,294,108271224,0.028935436445447764,125.8956488,3.2208705,0.0,N,1,1,1,2016-01-27 19:24:04.373000,2016-01-27 19:43:16.403000,57414.808383942116,57414.82171758078,SDSSJ082334.84+031315.6,1.9636000394821167,0.0,1.236299991607666,0.0,0.030554449185729027,,,,,,,,,,,,,,,,,,,,,,,,,,,,,,,,,,,,,,,,,,,,,,,,,,,,,,,21.74209976196289,0.0,1,,,,,,
125.89519747219,3.2210423090385,294,108271248,0.03324225490599998,125.8949962,3.220526,0.0,N,1,1,1,2016-01-27 19:24:04.373000,2016-01-27 19:43:16.403000,57414.808383942116,57414.82171758078,SDSSJ082334.84+031315.6,2.180799961090088,0.0,1.2843999862670898,0.0,0.030554449185729027,,,,,,,,,,,,,,,,,,,,,,,,,,,,,,,,,,,,,,,,,,,,,,,,,,,,,,,22.27359962463379,0.0,1,,,,,,
125.89519747219,3.2210423090385,294,108271211,0.03329596360944286,125.894643,3.2210808,0.0,N,1,1,1,2016-01-27 19:24:04.373000,2016-01-27 19:43:16.403000,57414.808383942116,57414.82171758078,SDSSJ082334.84+031315.6,1.5355000495910645,0.0,1.186900019645691,0.0,0.030554449185729027,,,,,,,,,,,,,,,,,,,,,,,,,,,,,,,,,,,,,,,,,,,,,,,,,,,,,,,23.04599952697754,0.0,1,,,,,,
125.89519747219,3.2210423090385,294,108271249,0.0344057976031558,125.8953075,3.2204795,0.0,N,1,1,1,2016-01-27 19:24:04.373000,2016-01-27 19:43:16.403000,57414.808383942116,57414.82171758078,SDSSJ082334.84+031315.6,1.6328999996185303,0.0,1.1505000591278076,0.0,0.030554449185729027,,,,,,,,,,,,,,,,,,,,,,,,,,,,,,,,,,,,,,,,,,,,,,,,,,,,,,,21.466699600219727,0.0,1,,,,,,
125.89519747219,3.2210423090385,294,108271179,0.0352053645808746,125.8953037,3.2216194,0.0,N,1,1,1,2016-01-27 19:24:04.373000,2016-01-27 19:43:16.403000,57414.808383942116,57414.82171758078,SDSSJ082334.84+031315.6,1.4459999799728394,0.0,1.2011998891830444,0.0,0.030554449185729027,,,,,,,,,,,,,,,,,,,,,,,,,,,,,,,,,,,,,,,,,,,,,,,,,,,,,,,23.92460060119629,0.0,1,,,,,,
125.89519747219,3.2210423090385,294,108271192,0.03696436684077443,125.8957034,3.221395,0.0,N,1,1,1,2016-01-27 19:24:04.373000,2016-01-27 19:43:16.403000,57414.808383942116,57414.82171758078,SDSSJ082334.84+031315.6,2.02620005607605,0.0,1.206399917602539,0.0,0.030554449185729027,,,,,,,,,,,,,,,,,,,,,,,,,,,,,,,,,,,,,,,,,,,,,,,,,,,,,,,23.320999145507812,0.0,1,,,,,,
125.89519747219,3.2210423090385,294,108271203,0.038825924112303845,125.8958222,3.2212146,0.0,N,1,1,1,2016-01-27 19:24:04.373000,2016-01-27 19:43:16.403000,57414.808383942116,57414.82171758078,SDSSJ082334.84+031315.6,2.0488998889923096,0.0,1.2596999406814575,0.0,0.030554449185729027,,,,,,,,,,,,,,,,,,,,,,,,,,,,,,,,,,,,,,,,,,,,,,,,,,,,,,,23.130800247192383,0.0,1,,,,,,
125.89519747219,3.2210423090385,294,108271219,0.0392153879012781,125.8958508,3.2210012,0.0,N,1,1,1,2016-01-27 19:24:04.373000,2016-01-27 19:43:16.403000,57414.808383942116,57414.82171758078,SDSSJ082334.84+031315.6,1.4112999439239502,0.0,1.2037999629974365,0.0,0.030554449185729027,,,,,,,,,,,,,,,,,,,,,,,,,,,,,,,,,,,,,,,,,,,,,,,,,,,,,,,23.337099075317383,0.0,1,,,,,,
125.89519747219,3.2210423090385,294,108271175,0.0399304547562424,125.8951625,3.2217069,0.0,N,1,1,1,2016-01-27 19:24:04.373000,2016-01-27 19:43:16.403000,57414.808383942116,57414.82171758078,SDSSJ082334.84+031315.6,1.6634000539779663,0.0,1.129699945449829,0.0,0.030554449185729027,,,,,,,,,,,,,,,,,,,,,,,,,,,,,,,,,,,,,,,,,,,,,,,,,,,,,,,23.50480079650879,0.0,1,,,,,,
125.89519747219,3.2210423090385,294,108272552,0.0413223053197428,125.8955023,3.2204245,0.0,N,1,1,1,2016-01-27 19:24:04.373000,2016-01-27 19:43:16.403000,57414.808383942116,57414.82171758078,SDSSJ082334.84+031315.6,2.0169999599456787,0.0,1.233699917793274,0.0,0.030554449185729027,,,,,,,,,,,,,,,,,,,,,,,,,,,,,,,,,,,,,,,,,,,,,,,,,,,,,,,22.19099998474121,0.0,1,,,,,,
125.89519747219,3.2210423090385,294,108271243,0.04167611397143748,125.8946978,3.220559,0.0,N,1,1,1,2016-01-27 19:24:04.373000,2016-01-27 19:43:16.403000,57414.808383942116,57414.82171758078,SDSSJ082334.84+031315.6,1.9768999814987183,0.0,1.1881999969482422,0.0,0.030554449185729027,,,,,,,,,,,,,,,,,,,,,,,,,,,,,,,,,,,,,,,,,,,,,,,,,,,,,,,23.39419937133789,0.0,1,,,,,,
125.89519747219,3.2210423090385,294,108271190,0.041872933173960965,125.8955504,3.2216447,0.0,N,1,1,1,2016-01-27 19:24:04.373000,2016-01-27 19:43:16.403000,57414.808383942116,57414.82171758078,SDSSJ082334.84+031315.6,1.9696999788284302,0.0,1.1647999286651611,0.0,0.030554449185729027,,,,,,,,,,,,,,,,,,,,,,,,,,,,,,,,,,,,,,,,,,,,,,,,,,,,,,,23.83679962158203,0.0,1,,,,,,
125.89519747219,3.2210423090385,294,108271228,0.042317944758352016,125.8958095,3.2206901,0.0,N,1,1,1,2016-01-27 19:24:04.373000,2016-01-27 19:43:16.403000,57414.808383942116,57414.82171758078,SDSSJ082334.84+031315.6,1.9599000215530396,0.0,1.1764999628067017,0.0,0.030554449185729027,,,,,,,,,,,,,,,,,,,,,,,,,,,,,,,,,,,,,,,,,,,,,,,,,,,,,,,21.150999069213867,0.0,1,,,,,,
125.89519747219,3.2210423090385,294,108271185,0.04255372939380718,125.8946908,3.2215394,0.0,N,1,1,1,2016-01-27 19:24:04.373000,2016-01-27 19:43:16.403000,57414.808383942116,57414.82171758078,SDSSJ082334.84+031315.6,1.955899953842163,0.0,1.095900058746338,0.0,0.030554449185729027,,,,,,,,,,,,,,,,,,,,,,,,,,,,,,,,,,,,,,,,,,,,,,,,,,,,,,,22.49799919128418,0.0,1,,,,,,
125.89519747219,3.2210423090385,294,108271195,0.042841585457736,125.8945639,3.2213735,0.0,N,1,1,1,2016-01-27 19:24:04.373000,2016-01-27 19:43:16.403000,57414.808383942116,57414.82171758078,SDSSJ082334.84+031315.6,1.5643999576568604,0.0,1.1517999172210693,0.0,0.030554449185729027,,,,,,,,,,,,,,,,,,,,,,,,,,,,,,,,,,,,,,,,,,,,,,,,,,,,,,,22.73900032043457,0.0,1,,,,,,
125.89519747219,3.2210423090385,294,108271177,0.04438312319525387,125.8948289,3.221684,0.0,N,1,1,1,2016-01-27 19:24:04.373000,2016-01-27 19:43:16.403000,57414.808383942116,57414.82171758078,SDSSJ082334.84+031315.6,1.8696000576019287,0.0,1.1413999795913696,0.0,0.030554449185729027,,,,,,,,,,,,,,,,,,,,,,,,,,,,,,,,,,,,,,,,,,,,,,,,,,,,,,,23.468299865722656,0.0,1,,,,,,
125.89519747219,3.2210423090385,294,108272560,0.045567101532060894,125.8953183,3.2202925,0.0,N,1,1,1,2016-01-27 19:24:04.373000,2016-01-27 19:43:16.403000,57414.808383942116,57414.82171758078,SDSSJ082334.84+031315.6,1.419700026512146,0.0,1.1036999225616455,0.0,0.030554449185729027,,,,,,,,,,,,,,,,,,,,,,,,,,,,,,,,,,,,,,,,,,,,,,,,,,,,,,,21.96649932861328,0.0,1,,,,,,
125.89519747219,3.2210423090385,294,108271229,0.0494066139381068,125.8956586,3.2203596,0.0,N,1,1,1,2016-01-27 19:24:04.373000,2016-01-27 19:43:16.403000,57414.808383942116,57414.82171758078,SDSSJ082334.84+031315.6,2.023099899291992,0.0,1.2102999687194824,0.0,0.030554449185729027,,,,,,,,,,,,,,,,,,,,,,,,,,,,,,,,,,,,,,,,,,,,,,,,,,,,,,,21.614999771118164,0.0,1,,,,,,
132.857568032804,39.594939829468,295,96681983,0.0018368876957374923,132.8575999973385,39.59492164748657,164.7939965003099,Y,2,1,2,2015-03-22 23:08:52.960000,2015-03-22 23:39:13.167000,57103.96450181957,57103.985569046345,SDSSJ085125.81+393541.7,2.9769967612508053,1.4737666274506314,0.3050999939441681,0.2119905979617314,0.03140221908688545,,,,,,,,,,,,,,,,,,,,,,,,,,,,,,,21.458599090576172,0.0,1,,,,,,,,,,,,,,,,,,,,,,19.676300048828125,0.0,1,,,,,,
132.857568032804,39.594939829468,295,33285631,0.015189188270434056,132.85782358090773,39.59478073865278,0.0,Y,1,1,1,2008-11-07 17:59:13.187000,2008-11-07 18:27:13.313000,54777.7494581528,54777.76890408108,SDSSJ085125.81+393541.8,3.209776385536407,0.0,0.45499999999999996,0.0,0.03140221908688545,,,,,,,,,,,,,,,,,,,,,,,,,,,,,,,,,,,,,,,,,,,21.805500030517578,0.0,1,,,,,,,,,,,,,,,,,,
132.857568032804,39.594939829468,295,95705182,0.025420993296994362,132.85702458996698,39.59487543259101,0.0,Y,1,1,1,2015-03-22 23:08:52.960000,2015-03-22 23:25:31.953000,57103.96450181957,57103.97606423823,SDSSJ085125.81+393541.7,2.4982953613454644,0.0,0.2871999740600586,0.0,0.03140221908688545,,,,,,,,,,,,,,,,,,,,,,,,,,,,,,,23.55660057067871,0.0,1,,,,,,,,,,,,,,,,,,,,,,,,,,,,,,
132.857568032804,39.594939829468,295,31028823,0.025900830425647857,132.85784618377411,39.59531454130484,0.0,Y,1,1,1,2015-03-22 23:08:52.960000,2015-03-22 23:25:31.953000,57103.96450181957,57103.97606423823,SDSSJ085125.81+393541.7,1.7367045987736096,0.0,0.340800017118454,0.0,0.03140221908688545,,,,,,,,,,,,,,,,,,,,,,,,,,,,,,,25.202699661254883,0.0,1,,,,,,,,,,,,,,,,,,,,,,,,,,,,,,
132.857568032804,39.594939829468,295,69561083,0.030387845816443108,132.857117437425,39.595308541031706,132.9324657499653,Y,2,2,2,2008-11-07 17:59:13.187000,2015-03-22 23:25:31.953000,54777.7494581528,57103.97606423823,SDSSJ085125.81+393541.8,2.86626493858165,0.3445750533302591,0.3614999884366989,0.13222898443486159,0.03140221908688545,,,,,,,,,,,,,,,,,,,,,,,,,,,,,,,23.34149932861328,0.0,1,,,,,,,,,,21.708999633789062,0.0,1,,,,,,,,,,,,,,,,,,
132.857568032804,39.594939829468,295,26942709,0.03274063177932023,132.85819388660525,39.595195144992516,0.0,Y,1,1,1,2015-03-22 23:08:52.960000,2015-03-22 23:25:31.953000,57103.96450181957,57103.97606423823,SDSSJ085125.81+393541.7,2.453068169680509,0.0,0.34599998593330383,0.0,0.03140221908688545,,,,,,,,,,,,,,,,,,,,,,,,,,,,,,,24.75160026550293,0.0,1,,,,,,,,,,,,,,,,,,,,,,,,,,,,,,
132.857568032804,39.594939829468,295,56003247,0.03358670531662277,132.8568424879526,39.59496773065965,0.0,Y,1,1,1,2015-03-22 23:08:52.960000,2015-03-22 23:25:31.953000,57103.96450181957,57103.97606423823,SDSSJ085125.81+393541.7,2.1768181161447004,0.0,0.2712000012397766,0.0,0.03140221908688545,,,,,,,,,,,,,,,,,,,,,,,,,,,,,,,23.905399322509766,0.0,1,,,,,,,,,,,,,,,,,,,,,,,,,,,,,,
132.857568032804,39.594939829468,295,7727790,0.03390543299495733,132.856868991555,39.594769030940725,0.0,Y,1,1,1,2015-03-22 23:08:52.960000,2015-03-22 23:25:31.953000,57103.96450181957,57103.97606423823,SDSSJ085125.81+393541.7,2.7509090575304898,0.0,0.22599999606609344,0.0,0.03140221908688545,,,,,,,,,,,,,,,,,,,,,,,,,,,,,,,24.227399826049805,0.0,1,,,,,,,,,,,,,,,,,,,,,,,,,,,,,,
132.857568032804,39.594939829468,295,32499241,0.03522570534241104,132.8582828949718,39.59473674593644,0.0,Y,1,1,1,2015-03-22 23:08:52.960000,2015-03-22 23:25:31.953000,57103.96450181957,57103.97606423823,SDSSJ085125.81+393541.7,2.1907954053445295,0.0,0.2955999970436096,0.0,0.03140221908688545,,,,,,,,,,,,,,,,,,,,,,,,,,,,,,,23.8710994720459,0.0,1,,,,,,,,,,,,,,,,,,,,,,,,,,,,,,
132.857568032804,39.594939829468,295,5562313,0.03627619514468116,132.85821719727795,39.59460024523962,0.0,Y,1,1,1,2015-03-22 23:08:52.960000,2015-03-22 23:25:31.953000,57103.96450181957,57103.97606423823,SDSSJ085125.81+393541.7,2.7581819079139014,0.0,0.2775999903678894,0.0,0.03140221908688545,,,,,,,,,,,,,,,,,,,,,,,,,,,,,,,23.800899505615234,0.0,1,,,,,,,,,,,,,,,,,,,,,,,,,,,,,,
132.857568032804,39.594939829468,295,97037020,0.03648966668876047,132.8575576790256,39.595547938245026,0.0,Y,1,1,1,2015-03-22 23:08:52.960000,2015-03-22 23:25:31.953000,57103.96450181957,57103.97606423823,SDSSJ085125.81+393541.7,1.7138636925003745,0.0,0.3243999779224396,0.0,0.03140221908688545,,,,,,,,,,,,,,,,,,,,,,,,,,,,,,,25.100299835205078,0.0,1,,,,,,,,,,,,,,,,,,,,,,,,,,,,,,
132.857568032804,39.594939829468,295,19186611,0.03786656918326037,132.85798260046298,39.59439554275149,0.0,Y,1,1,1,2015-03-22 23:08:52.960000,2015-03-22 23:25:31.953000,57103.96450181957,57103.97606423823,SDSSJ085125.81+393541.7,2.8009089556607334,0.0,0.2955999970436096,0.0,0.03140221908688545,,,,,,,,,,,,,,,,,,,,,,,,,,,,,,,23.683300018310547,0.0,1,,,,,,,,,,,,,,,,,,,,,,,,,,,,,,
132.857568032804,39.594939829468,295,101872387,0.040431969483371695,132.85671288567212,39.59508082928512,0.0,Y,1,1,1,2015-03-22 23:08:52.960000,2015-03-22 23:25:31.953000,57103.96450181957,57103.97606423823,SDSSJ085125.81+393541.7,2.112272788177837,0.0,0.295199990272522,0.0,0.03140221908688545,,,,,,,,,,,,,,,,,,,,,,,,,,,,,,,24.133100509643555,0.0,1,,,,,,,,,,,,,,,,,,,,,,,,,,,,,,
132.857568032804,39.594939829468,295,36946641,0.04400424731053945,132.85689167933302,39.59545583118146,0.0,Y,1,1,1,2015-03-22 23:08:52.960000,2015-03-22 23:25:31.953000,57103.96450181957,57103.97606423823,SDSSJ085125.81+393541.7,1.9681818105957725,0.0,0.2563999891281128,0.0,0.03140221908688545,,,,,,,,,,,,,,,,,,,,,,,,,,,,,,,23.849199295043945,0.0,1,,,,,,,,,,,,,,,,,,,,,,,,,,,,,,
132.857568032804,39.594939829468,295,56640809,0.04405003956545384,132.85669608287162,39.59523572910694,0.0,Y,1,1,1,2015-03-22 23:08:52.960000,2015-03-22 23:25:31.953000,57103.96450181957,57103.97606423823,SDSSJ085125.81+393541.7,2.767159180207686,0.0,0.29839998483657837,0.0,0.03140221908688545,,,,,,,,,,,,,,,,,,,,,,,,,,,,,,,23.888700485229492,0.0,1,,,,,,,,,,,,,,,,,,,,,,,,,,,,,,
132.857568032804,39.594939829468,295,78109379,0.04858687950369521,132.8573248753482,39.59572763577596,0.0,Y,1,1,1,2015-03-22 23:08:52.960000,2015-03-22 23:25:31.953000,57103.96450181957,57103.97606423823,SDSSJ085125.81+393541.7,1.4098863710056653,0.0,0.24079999327659607,0.0,0.03140221908688545,,,,,,,,,,,,,,,,,,,,,,,,,,,,,,,24.69659996032715,0.0,1,,,,,,,,,,,,,,,,,,,,,,,,,,,,,,
136.904405967504,35.4745563375269,296,69758119,0.0004992957862358033,136.90440890285535,35.474548366666774,0.0,Y,1,1,1,2016-04-26 08:02:15.563000,2016-04-26 08:21:27.597000,57504.33490230795,57504.34823606489,SDSSJ090737.05+352828.4,2.9144642608506337,0.0,0.9736999273300171,0.0,0.026507500559091568,,,,,,,,,,,,,,,,,,,,,,,,,,,,,,,,,,,,,,,,,,,,,,,,,,,,,,,17.858999252319336,0.0,1,,,,,,
123.954514609852,25.7837458687685,300,107852448,0.001440892734843261,123.95450859757159,25.783722472056418,0.0,Y,1,1,1,2009-01-12 09:51:12.307000,2009-01-12 10:19:12.433000,54843.410559083335,54843.430004969705,SDSSJ081549.08+254701.4,2.2914804226859324,0.0,0.45499999999999996,0.0,0.036425210535526276,,,,,,,,,,,,,,,,,,,,,,,,,,,,,,,,,,,,,,,,,,,19.370800018310547,0.0,1,,,,,,,,,,,,,,,,,,
179.552243478204,57.8894953914339,306,92005290,0.004682474571624115,179.55226508586279,57.88941820001277,35.17352213722411,Y,2,2,2,2008-10-31 00:52:13.173000,2015-11-15 01:27:35.233000,54770.03626354411,57341.060824446846,SDSSJ115812.53+575322.1,2.8391959762582752,0.28296967660308414,0.4549999916553497,1.1801117554788664e-08,0.022290769964456558,,,,,,,,,,,,,,,,,,,,,,,,,,,,,,,,,,,,,,,,,,,19.496591567993164,0.0,1,,,,,,,,,,18.625,0.0,1,,,,,,
185.928463090618,58.2462327537997,307,85524688,0.006560463345636104,185.92837212141305,58.24613445066198,30.220195503410096,Y,2,2,2,2008-02-06 05:40:17.127000,2016-06-03 21:08:50.673000,54502.236309291795,57542.881141997874,SDSSJ122342.82+581446.4,2.1383060429301723,0.36605041894327434,0.6954999649524689,0.34011831218603555,0.012149319984018803,,,,,,,,,,,,,,,,,,,,,,,,,,,,,,,,,,,,,,,,,,,18.223190307617188,0.0,1,,,,,,,,,,17.458099365234375,0.0,1,,,,,,
185.928463090618,58.2462327537997,307,23113787,0.019917944630506595,185.9290929377032,58.24625089954359,0.0,Y,1,1,1,2016-06-03 20:49:38.607000,2016-06-03 21:08:50.673000,57542.86780788889,57542.881141997874,SDSSJ122342.82+581446.4,4.240893040384565,0.0,1.1686999797821045,0.0,0.012149319984018803,,,,,,,,,,,,,,,,,,,,,,,,,,,,,,,,,,,,,,,,,,,,,,,,,,,,,,,19.358699798583984,0.0,1,,,,,,
185.928463090618,58.2462327537997,307,58367699,0.035571373293212596,185.92753053359527,58.24656534823519,0.0,Y,1,1,1,2016-06-03 20:49:38.607000,2016-06-03 21:08:50.673000,57542.86780788889,57542.881141997874,SDSSJ122342.82+581446.4,3.9564285959516248,0.0,1.2934999465942383,0.0,0.012149319984018803,,,,,,,,,,,,,,,,,,,,,,,,,,,,,,,,,,,,,,,,,,,,,,,,,,,,,,,21.50029945373535,0.0,1,,,,,,
185.928463090618,58.2462327537997,307,18429717,0.04748246111947161,185.92724990424006,58.24670034682273,0.0,Y,1,1,1,2016-06-03 20:49:38.607000,2016-06-03 21:08:50.673000,57542.86780788889,57542.881141997874,SDSSJ122342.82+581446.4,4.084821258272443,0.0,1.3026000261306763,0.0,0.012149319984018803,,,,,,,,,,,,,,,,,,,,,,,,,,,,,,,,,,,,,,,,,,,,,,,,,,,,,,,22.537700653076172,0.0,1,,,,,,
185.928463090618,58.2462327537997,307,35869517,0.048347812859022746,185.9270130829598,58.24597392964617,0.0,Y,1,1,1,2016-06-03 20:49:38.607000,2016-06-03 21:08:50.673000,57542.86780788889,57542.881141997874,SDSSJ122342.82+581446.4,3.8198215620858327,0.0,1.2947999238967896,0.0,0.012149319984018803,,,,,,,,,,,,,,,,,,,,,,,,,,,,,,,,,,,,,,,,,,,,,,,,,,,,,,,20.61199951171875,0.0,1,,,,,,
207.414029872499,42.0448236142568,311,27106310,0.00035067765681806725,207.4140251779819,42.04481892322824,0.0,Y,1,1,1,2016-06-17 09:57:38.693000,2016-06-17 10:16:50.727000,57556.41503114579,57556.42836481938,SDSSJ134939.36+420241.4,2.064464347703116,0.0,0.8631999492645264,0.0,0.009996769949793816,,,,,,,,,,,,,,,,,,,,,,,,,,,,,,,,,,,,,,,,,,,,,,,,,,,,,,,17.782100677490234,0.0,1,,,,,,
154.446242276263,39.5355059368219,312,57308372,0.003413526303239823,154.44616923498702,39.535513902878385,0.0,Y,1,1,1,2016-06-24 23:07:51.687000,2016-06-24 23:27:03.720000,57563.96379260626,57563.97712637484,SDSSJ101747.09+393207.7,2.7405357786587303,0.0,0.45499998331069946,0.0,0.014551499858498573,,,,,,,,,,,,,,,,,,,,,,,,,,,,,,,,,,,,,,,,,,,,,,,,,,,,,,,18.694799423217773,0.0,1,,,,,,
359.038273242795,-0.407997217061823,313,38978040,0.010515374693154191,359.03817097854346,-0.40785488890465815,0.0,Y,1,1,1,2015-10-20 20:41:02.113000,2015-10-20 21:00:14.180000,57315.86182997469,57315.875164083205,SDSSJ235609.14-002428.6,3.894821235111781,0.0,1.2142000198364258,0.0,0.03425811976194382,,,,,,,,,,,,,,,,,,,,,,,,,,,,,,,,,,,,,,,,,,,,,,,,,,,,,,,21.80620002746582,0.0,1,,,,,,
359.038273242795,-0.407997217061823,313,7977175,0.011052589922853715,359.03841137854056,-0.4081190889037898,0.0,Y,1,1,1,2015-10-20 20:41:02.113000,2015-10-20 21:00:14.180000,57315.86182997469,57315.875164083205,SDSSJ235609.14-002428.6,3.7726785455431253,0.0,1.2051000595092773,0.0,0.03425811976194382,,,,,,,,,,,,,,,,,,,,,,,,,,,,,,,,,,,,,,,,,,,,,,,,,,,,,,,21.857099533081055,0.0,1,,,,,,
359.038273242795,-0.407997217061823,313,13554901,0.013494025983429869,359.03834187854216,-0.4082113889040407,0.0,Y,1,1,1,2015-10-20 20:41:02.113000,2015-10-20 21:00:14.180000,57315.86182997469,57315.875164083205,SDSSJ235609.14-002428.6,3.546607068606785,0.0,1.18559992313385,0.0,0.03425811976194382,,,,,,,,,,,,,,,,,,,,,,,,,,,,,,,,,,,,,,,,,,,,,,,,,,,,,,,22.163999557495117,0.0,1,,,,,,
359.038273242795,-0.407997217061823,313,48858252,0.015995149907261367,359.03800757854583,-0.40797498890524947,0.0,Y,1,1,1,2015-10-20 20:41:02.113000,2015-10-20 21:00:14.180000,57315.86182997469,57315.875164083205,SDSSJ235609.14-002428.6,3.971071328435625,0.0,1.1180000305175781,0.0,0.03425811976194382,,,,,,,,,,,,,,,,,,,,,,,,,,,,,,,,,,,,,,,,,,,,,,,,,,,,,,,21.979799270629883,0.0,1,,,,,,
359.038273242795,-0.407997217061823,313,3643092,0.01757264469436377,359.03855127853893,-0.40808928890328544,0.0,Y,1,1,1,2015-10-20 20:41:02.113000,2015-10-20 21:00:14.180000,57315.86182997469,57315.875164083205,SDSSJ235609.14-002428.6,3.789107288633074,0.0,1.236299991607666,0.0,0.03425811976194382,,,,,,,,,,,,,,,,,,,,,,,,,,,,,,,,,,,,,,,,,,,,,,,,,,,,,,,22.21190071105957,0.0,1,,,,,,
359.038273242795,-0.407997217061823,313,51019650,0.0269698405144001,359.0379634785458,-0.4076714889054093,0.0,Y,1,1,1,2015-10-20 20:41:02.113000,2015-10-20 21:00:14.180000,57315.86182997469,57315.875164083205,SDSSJ235609.14-002428.6,4.039999842643738,0.0,1.1726000308990479,0.0,0.03425811976194382,,,,,,,,,,,,,,,,,,,,,,,,,,,,,,,,,,,,,,,,,,,,,,,,,,,,,,,22.02079963684082,0.0,1,,,,,,
359.038273242795,-0.407997217061823,313,2276065,0.02844903599920962,359.0378259785478,-0.40783978890590755,0.0,Y,1,1,1,2015-10-20 20:41:02.113000,2015-10-20 21:00:14.180000,57315.86182997469,57315.875164083205,SDSSJ235609.14-002428.6,3.878571305956159,0.0,1.1751999855041504,0.0,0.03425811976194382,,,,,,,,,,,,,,,,,,,,,,,,,,,,,,,,,,,,,,,,,,,,,,,,,,,,,,,22.18090057373047,0.0,1,,,,,,
359.038273242795,-0.407997217061823,313,2274778,0.028758750685366753,359.0385692785399,-0.40837418890322047,0.0,Y,1,1,1,2015-10-20 20:41:02.113000,2015-10-20 21:00:14.180000,57315.86182997469,57315.875164083205,SDSSJ235609.14-002428.6,3.987857273646763,0.0,1.1959999799728394,0.0,0.03425811976194382,,,,,,,,,,,,,,,,,,,,,,,,,,,,,,,,,,,,,,,,,,,,,,,,,,,,,,,22.2893009185791,0.0,1,,,,,,
359.038273242795,-0.407997217061823,313,88485400,0.03511759669731361,359.0385817785399,-0.4084945889031755,0.0,Y,1,1,1,2015-10-20 20:41:02.113000,2015-10-20 21:00:14.180000,57315.86182997469,57315.875164083205,SDSSJ235609.14-002428.6,3.555714232581002,0.0,1.2011998891830444,0.0,0.03425811976194382,,,,,,,,,,,,,,,,,,,,,,,,,,,,,,,,,,,,,,,,,,,,,,,,,,,,,,,22.750999450683594,0.0,1,,,,,,
359.038273242795,-0.407997217061823,313,43935000,0.04276414435438477,359.0376408785498,-0.40766838890657964,0.0,Y,1,1,1,2015-10-20 20:41:02.113000,2015-10-20 21:00:14.180000,57315.86182997469,57315.875164083205,SDSSJ235609.14-002428.6,3.721964359283447,0.0,1.166100025177002,0.0,0.03425811976194382,,,,,,,,,,,,,,,,,,,,,,,,,,,,,,,,,,,,,,,,,,,,,,,,,,,,,,,22.023700714111328,0.0,1,,,,,,
359.038273242795,-0.407997217061823,313,31697365,0.044524509654954025,359.03782887854646,-0.4074028889058972,0.0,Y,1,1,1,2015-10-20 20:41:02.113000,2015-10-20 21:00:14.180000,57315.86182997469,57315.875164083205,SDSSJ235609.14-002428.6,3.4617856144905086,0.0,1.2492998838424683,0.0,0.03425811976194382,,,,,,,,,,,,,,,,,,,,,,,,,,,,,,,,,,,,,,,,,,,,,,,,,,,,,,,22.440500259399414,0.0,1,,,,,,
359.038273242795,-0.407997217061823,313,100990574,0.0455877824153205,359.0389234785349,-0.40839028890194684,0.0,Y,1,1,1,2015-10-20 20:41:02.113000,2015-10-20 21:00:14.180000,57315.86182997469,57315.875164083205,SDSSJ235609.14-002428.6,3.547500073909759,0.0,1.2388999462127686,0.0,0.03425811976194382,,,,,,,,,,,,,,,,,,,,,,,,,,,,,,,,,,,,,,,,,,,,,,,,,,,,,,,23.19529914855957,0.0,1,,,,,,
