sci_data_set_name,sci_targname,sci_hapnum,sci_haspnum,sci_instrume,sci_aper_1234,sci_spec_1234,sci_actual_duration,sci_start_time,sci_pep_id,sci_pi_last_name,sci_ra,sci_dec,sci_refnum,sci_central_wavelength,sci_release_date,sci_stop_time,sci_preview_name,scp_scan_type,sci_hlsp,search_pos,ang_sep
IDWM03010,SDSSJ133245.62+263449.3,1,0,WFC3  ,UVIS2-C1K1C-SUB,F336W,894.0,2019-06-17T12:42:48.853000,15607,REINES,203.19009,26.58038055556,1,3354.6558,2019-12-17T15:40:11,2019-06-17T13:00:48.867000,IDWM03010,,,203.19009 26.58038,3.333360008516376e-05
IDWM03020,SDSSJ133245.62+263449.3,1,0,WFC3  ,UVIS2-C1K1C-SUB,F606W,705.0,2019-06-17T13:02:41.847000,15607,REINES,203.19009,26.58038055556,1,5887.7124,2019-12-17T15:45:48,2019-06-17T13:17:24.867000,IDWM03020,,,203.19009 26.58038,3.333360008516376e-05
IDWM03030,SDSSJ133245.62+263449.3,1,0,WFC3  ,IRSUB512,F140W,422.073488,2019-06-17T13:19:37.540000,15607,REINES,203.19009,26.58038055556,1,13922.907,2019-12-17T15:36:06,2019-06-17T13:29:38.083000,IDWM03030,,,203.19009 26.58038,3.333360008516376e-05
ICYV01A1Q,SDSS-J152304.97+114553.6,0,0,WFC3  ,UVIS2,F475W,50.0,2016-06-23T13:26:09.977000,14187,BALDASSARE,230.77072,11.76488888889,2,4772.1709,2017-06-23T19:18:08,2016-06-23T13:26:59.977000,ICYV01A1Q,,,230.77072 11.76489,6.66665997802724e-05
ICYV01AAQ,SDSS-J152304.97+114553.6,0,0,WFC3  ,UVIS2,F775W,50.0,2016-06-23T15:14:23.993000,14187,BALDASSARE,230.77072,11.76488888889,2,7648.3047,2017-06-23T19:18:22,2016-06-23T15:15:13.960000,ICYV01AAQ,,,230.77072 11.76489,6.66665997802724e-05
ICYV01AHQ,SDSS-J152304.97+114553.6,0,0,WFC3  ,IR,F160W,299.231262,2016-06-23T17:16:28.457000,14187,BALDASSARE,230.77072,11.76488888889,2,15369.176,2017-06-23T21:06:47,2016-06-23T17:21:27.720000,ICYV01AHQ,,,230.77072 11.76489,6.66665997802724e-05
IDWM02010,SDSSJ114359.58+244251.7,1,0,WFC3  ,UVIS2-C1K1C-SUB,F336W,897.0,2019-11-02T19:51:39.213000,15607,REINES,175.99831,24.71438888889,1,3354.6558,2020-05-03T03:51:50,2019-11-02T20:09:42.203000,IDWM02010,,,175.99831 24.71439,6.666660025634347e-05
IDWM02020,SDSSJ114359.58+244251.7,1,0,WFC3  ,UVIS2-C1K1C-SUB,F606W,690.0,2019-11-02T20:11:35.213000,15607,REINES,175.99831,24.71438888889,1,5887.7124,2020-05-03T03:48:33,2019-11-02T20:26:05.210000,IDWM02020,,,175.99831 24.71439,6.666660025634347e-05
IDWM02030,SDSSJ114359.58+244251.7,1,0,WFC3  ,IRSUB512,F140W,422.073488,2019-11-02T20:28:18.907000,15607,REINES,175.99831,24.71438888889,1,13922.907,2020-05-03T03:43:23,2019-11-02T21:26:11.420000,IDWM02030,,,175.99831 24.71439,6.666660025634347e-05
ICUU14010,SDSSJ093239.45+511542.9,1,0,WFC3  ,IRSUB512,F110W,972.183472,2017-06-08T23:58:17.727000,14251,REINES,143.1644320833,51.26191944444,2,11534.459,2018-06-09T04:21:07,2017-06-09T00:17:29.790000,ICUU14010,,,143.16443 51.26192,8.502543821335889e-05
ICUU15010,SDSSJ093821.54+063130.8,1,0,WFC3  ,IRSUB512,F110W,972.183472,2016-02-06T21:04:31.350000,14251,REINES,144.58978,6.525241666667,2,11534.459,2017-02-06T22:48:04,2016-02-06T21:23:43.413000,ICUU15010,,,144.58978 6.52524,0.00010000002007483417
ICUU17010,SDSSJ100423.33+231323.4,1,0,WFC3  ,IRSUB512,F110W,972.183472,2015-10-11T08:16:25.123000,14251,REINES,151.0972404167,23.22315833333,2,11534.459,2016-10-11T17:28:57,2015-10-11T08:35:37.157000,ICUU17010,,,151.09724 23.22316,0.00010260578712896894
ICUU24010,SDSSJ110912.37+612347.0,1,0,WFC3  ,IRSUB512,F110W,972.183472,2016-02-03T10:25:41.367000,14251,REINES,167.3016575,61.39640833333,2,11534.459,2017-02-03T12:55:54,2016-02-03T10:44:53.430000,ICUU24010,,,167.30166 61.39641,0.0001231138008131948
ICUU35010,SDSSJ115922.33+511809.2,1,0,WFC3  ,IRSUB512,F110W,972.183472,2016-08-01T07:05:49.773000,14251,REINES,179.8430608333,51.30257777778,2,11534.459,2017-08-01T12:15:08,2016-08-01T07:25:01.803000,ICUU35010,,,179.84306 51.30258,0.00013694843950809172
ICUU25010,SDSSJ111319.23+044425.1,1,0,WFC3  ,IRSUB512,F110W,972.183472,2016-03-29T07:05:09.493000,14251,REINES,168.3301616667,4.740341666667,2,11534.459,2017-03-29T11:17:21,2016-03-29T07:24:21.557000,ICUU25010,,,168.33016 4.74034,0.0001411811155854258
ICUU09010,SDSSJ084204.92+403934.5,1,0,WFC3  ,IRSUB512,F110W,972.183472,2016-05-29T10:25:44.627000,14251,REINES,130.52053875,40.65957777778,2,11534.459,2017-05-30T00:57:32,2016-05-29T10:44:56.657000,ICUU09010,,,130.52054 40.65958,0.0001449645951491163
ICUU53010,SDSSJ152303.80+114546.0,1,0,WFC3  ,IRSUB512,F110W,972.183472,2016-09-08T05:18:35.867000,14251,REINES,230.7712616667,11.76482222222,2,11534.459,2017-09-09T10:23:36,2016-09-08T05:37:47.900000,ICUU53010,,,230.77126 11.76482,0.00016541582162558525
ICUU39010,SDSSJ122505.40+051945.9,1,0,WFC3  ,IRSUB512,F110W,972.183472,2016-06-05T00:04:08.627000,14251,REINES,186.2733729167,5.329119444444,2,11534.459,2017-06-05T05:52:12,2016-06-05T00:23:20.657000,ICUU39010,,,186.27337 5.32912,0.00017740527950940558
ICUU07010,SDSSJ082334.84+031315.6,1,0,WFC3  ,IRSUB512,F110W,972.183472,2016-01-27T19:24:04.373000,14251,REINES,125.8951975,3.221041666667,2,11534.459,2017-01-28T12:27:08,2016-01-27T19:43:16.407000,ICUU07010,,,125.8952 3.22104,0.00018008045296647354
ICUU13010,SDSSJ092129.98+213139.3,1,0,WFC3  ,IRSUB512,F110W,972.183472,2017-04-23T23:14:13.657000,14251,REINES,140.37495625,21.52760833333,2,11534.459,2018-04-24T03:18:52,2017-04-23T23:33:25.720000,ICUU13010,,,140.37496 21.52761,0.00023196612820490967
ICUU60010,SDSSJ173202.96+595855.0,1,0,WFC3  ,IRSUB512,F110W,972.183472,2016-06-06T14:43:15.603000,14251,REINES,263.0124016667,59.98193611111,2,11534.459,2017-06-07T01:37:49,2016-06-06T15:02:27.667000,ICUU60010,,,263.0124 59.98194,0.00023863634768044715
ICUU08010,SDSSJ084025.54+181858.9,1,0,WFC3  ,IRSUB512,F110W,972.183472,2016-04-12T00:01:26.487000,14251,REINES,130.1064354167,18.3164,2,11534.459,2017-04-12T12:11:25,2016-04-12T00:20:38.547000,ICUU08010,,,130.10644 18.3164,0.00026106538007751975
ICUU20010,SDSSJ102149.12+635206.8,1,0,WFC3  ,IRSUB512,F110W,972.183472,2016-04-26T14:59:48.557000,14251,REINES,155.4548116667,63.86854444444,2,11534.459,2017-04-26T21:13:07,2016-04-26T15:19:00.590000,ICUU20010,,,155.45481 63.86854,0.0002702792101329092
ICUU21010,SDSSJ102833.33+184513.9,1,0,WFC3  ,IRSUB512,F110W,972.183472,2016-06-30T20:03:39.657000,14251,REINES,157.1388925,18.75389444444,2,11534.459,2017-07-01T00:15:49,2016-06-30T20:32:52.713000,ICUU21010,,,157.13889 18.75389,0.0003021345121732275
ICUU12010,SDSSJ091720.88+191018.9,1,0,WFC3  ,IRSUB512,F110W,972.183472,2017-02-05T08:20:02.440000,14251,REINES,139.3370241667,19.17193333333,2,11534.459,2018-02-06T00:25:32,2017-02-05T08:39:14.503000,ICUU12010,,,139.33702 19.17193,0.000309451512490067
ICUU16010,SDSSJ094705.72+050159.8,1,0,WFC3  ,IRSUB512,F110W,972.183472,2017-01-29T04:39:05.447000,14251,REINES,146.773825,5.033308333333,2,11534.459,2018-01-29T08:24:25,2017-01-29T05:21:21.480000,ICUU16010,,,146.77383 5.03331,0.00031513050947912854
ICUU11010,SDSSJ090737.05+352828.4,1,0,WFC3  ,IRSUB512,F110W,972.183472,2016-04-26T08:02:15.567000,14251,REINES,136.9044058333,35.47455555556,2,11534.459,2017-04-26T13:32:00,2016-04-26T08:21:27.597000,ICUU11010,,,136.90441 35.47456,0.0003355024210022488
ICUU27010,SDSSJ112957.62+653804.8,1,0,WFC3  ,IRSUB512,F110W,972.183472,2016-04-24T13:38:21.550000,14251,REINES,172.4901545833,65.63471388889,2,11534.459,2017-04-24T20:44:45,2016-04-24T13:57:33.613000,ICUU27010,,,172.49015 65.63472,0.0003838170831135056
IEH309010,WISEA-J125747.86+274610.0,1,0,WFC3  ,IRSUB512,F110W,238.703536,2021-04-27T17:45:37.243000,16423,BALDASSARE,194.44943,27.76946111111,1,11534.459,2021-10-28T04:00:34,2021-04-27T17:52:33.913000,IEH309010,,,194.44943 27.76947,0.0005333333999372594
IEH309020,WISEA-J125747.86+274610.0,1,0,WFC3  ,UVIS2-2K2C-SUB,F300X,786.0,2021-04-27T17:54:21.580000,16423,BALDASSARE,194.44943,27.76946111111,1,2805.8406,2021-10-28T04:17:34,2021-04-27T18:13:35.547000,IEH309020,,,194.44943 27.76947,0.0005333333999372594
IEH309030,WISEA-J125747.86+274610.0,1,0,WFC3  ,UVIS2-2K2C-SUB,F606W,480.0,2021-04-27T18:17:04.557000,16423,BALDASSARE,194.44943,27.76946111111,1,5887.7124,2021-10-28T04:19:30,2021-04-27T18:31:16.570000,IEH309030,,,194.44943 27.76947,0.0005333333999372594
ICRV04010,SDSSJ144012.70+024743.5,1,0,WFC3  ,UVIS2-C1K1C-SUB,F275W,747.0,2015-06-15T15:10:35.123000,13943,REINES,220.0529166667,2.795416666667,5,2703.2976,2016-06-15T17:20:47,2015-06-15T15:26:08.127000,ICRV04010,,,220.05293 2.79542,0.0008236956700388224
ICRV04020,SDSSJ144012.70+024743.5,1,0,WFC3  ,UVIS2-2K2C-SUB,F606W,645.0,2015-06-15T15:28:01.137000,13943,REINES,220.0529166667,2.795416666667,5,5887.7124,2016-06-15T17:22:52,2015-06-15T15:44:40.127000,ICRV04020,,,220.05293 2.79542,0.0008236956700388224
ICRV04030,SDSSJ144012.70+024743.5,1,0,WFC3  ,IRSUB512,F110W,422.073488,2015-06-15T15:48:20.833000,13943,REINES,220.0529166667,2.795416666667,5,11534.459,2016-06-15T17:24:08,2015-06-15T15:58:21.343000,ICRV04030,,,220.05293 2.79542,0.0008236956700388224
ICYV01010,SDSS-J152304.97+114553.6,1,0,WFC3  ,UVIS2,F475W,2312.0,2016-06-23T11:52:37.977000,14187,BALDASSARE,230.7707042929,11.76491070747,2,4772.63625,2017-06-24T01:05:41,2016-06-23T12:37:33.960000,ICYV01010,,,230.77072 11.76489,0.001547552872803948
ICYV01020,SDSS-J152304.97+114553.6,1,0,WFC3  ,UVIS2,F775W,2424.0,2016-06-23T13:40:44.987000,14187,BALDASSARE,230.7707042929,11.76491070747,2,7649.834,2017-06-24T01:06:40,2016-06-23T15:12:13.960000,ICYV01020,,,230.77072 11.76489,0.001547552872803948
IEH307010,WISEA-J080028.51+152711.0,1,0,WFC3  ,IRSUB512,F110W,238.703536,2020-10-31T01:52:00.987000,16423,BALDASSARE,120.11898,15.4531,1,11534.459,2021-04-30T09:06:02,2020-10-31T01:58:57.660000,IEH307010,,,120.11895 15.4531,0.0017349279850170378
IEH307020,WISEA-J080028.51+152711.0,1,0,WFC3  ,UVIS2-2K2C-SUB,F300X,777.0,2020-10-31T02:00:45.293000,16423,BALDASSARE,120.11898,15.4531,1,2805.8406,2021-04-30T09:32:39,2020-10-31T02:19:50.300000,IEH307020,,,120.11895 15.4531,0.0017349279850170378
IEH307030,WISEA-J080028.51+152711.0,1,0,WFC3  ,UVIS2-2K2C-SUB,F606W,480.0,2020-10-31T02:23:19.310000,16423,BALDASSARE,120.11898,15.4531,1,5887.7124,2021-04-30T09:27:23,2020-10-31T03:40:52.283000,IEH307030,,,120.11895 15.4531,0.0017349279850170378
IEH306010,2MASX-J11404072+5948504,1,0,WFC3  ,IRSUB512,F110W,238.703536,2021-01-30T10:17:42.200000,16423,BALDASSARE,175.16972,59.81396944444,1,11534.459,2021-07-30T20:19:18,2021-01-30T10:24:38.873000,IEH306010,,,175.1697 59.81402,0.003092760708973673
IEH306020,2MASX-J11404072+5948504,1,0,WFC3  ,UVIS2-2K2C-SUB,F300X,1011.0,2021-01-30T10:26:26.507000,16423,BALDASSARE,175.16972,59.81396944444,1,2805.8406,2021-07-30T20:44:24,2021-01-30T11:09:39.513000,IEH306020,,,175.1697 59.81402,0.003092760708973673
IEH306030,2MASX-J11404072+5948504,1,0,WFC3  ,UVIS2-2K2C-SUB,F606W,480.0,2021-01-30T11:13:08.523000,16423,BALDASSARE,175.16972,59.81396944444,1,5887.7124,2021-07-30T20:38:55,2021-01-30T11:27:20.503000,IEH306030,,,175.1697 59.81402,0.003092760708973673
ICRV08010,SDSSJ084029.91+470710.4,1,0,WFC3  ,UVIS2-C1K1C-SUB,F275W,789.0,2015-05-22T03:38:11.123000,13943,REINES,130.1245833333,47.11955555556,5,2703.2976,2016-05-22T05:13:15,2015-05-22T03:54:26.143000,ICRV08010,,,130.12463 47.11951,0.003331870124184056
ICRV08020,SDSSJ084029.91+470710.4,1,0,WFC3  ,UVIS2-2K2C-SUB,F606W,645.0,2015-05-22T03:56:19.123000,13943,REINES,130.1245833333,47.11955555556,5,5887.7124,2016-05-22T05:15:20,2015-05-22T04:12:58.113000,ICRV08020,,,130.12463 47.11951,0.003331870124184056
ICRV08030,SDSSJ084029.91+470710.4,1,0,WFC3  ,IRSUB512,F110W,513.758484,2015-05-22T04:16:38.817000,13943,REINES,130.1245833333,47.11955555556,5,11534.459,2016-05-22T05:16:24,2015-05-22T04:28:11.263000,ICRV08030,,,130.12463 47.11951,0.003331870124184056
ICRV05010,SDSSJ085125.81+393541.7,1,0,WFC3  ,UVIS2-C1K1C-SUB,F275W,801.0,2015-03-22T22:07:45.957000,13943,REINES,132.8575,39.59491666667,5,2703.2976,2016-03-23T02:24:20,2015-03-22T23:06:59.953000,ICRV05010,,,132.85757 39.59494,0.003526221263598489
ICRV05020,SDSSJ085125.81+393541.7,1,0,WFC3  ,UVIS2-2K2C-SUB,F606W,645.0,2015-03-22T23:08:52.963000,13943,REINES,132.8575,39.59491666667,5,5887.7124,2016-03-23T02:26:45,2015-03-22T23:25:31.953000,ICRV05020,,,132.85757 39.59494,0.003526221263598489
ICRV05030,SDSSJ085125.81+393541.7,1,0,WFC3  ,IRSUB512,F110W,422.073488,2015-03-22T23:29:12.657000,13943,REINES,132.8575,39.59491666667,5,11534.459,2016-03-23T02:28:20,2015-03-22T23:39:13.170000,ICRV05030,,,132.85757 39.59494,0.003526221263598489
IEH308010,CGCG-119-107,1,0,WFC3  ,IRSUB512,F110W,238.703536,2021-03-01T11:22:18.260000,16423,BALDASSARE,126.84971,23.18006111111,1,11534.459,2021-09-01T15:32:51,2021-03-01T11:29:14.933000,IEH308010,,,126.84973 23.18012,0.0037015312005556273
IEH308020,CGCG-119-107,1,0,WFC3  ,UVIS2-2K2C-SUB,F300X,780.0,2021-03-01T11:31:02.567000,16423,BALDASSARE,126.84971,23.18006111111,1,2805.8406,2021-09-01T15:58:39,2021-03-01T11:50:10.580000,IEH308020,,,126.84973 23.18012,0.0037015312005556273
IEH308030,CGCG-119-107,1,0,WFC3  ,UVIS2-2K2C-SUB,F606W,480.0,2021-03-01T11:53:39.557000,16423,BALDASSARE,126.84971,23.18006111111,1,5887.7124,2021-09-01T15:56:12,2021-03-01T12:07:51.573000,IEH308030,,,126.84973 23.18012,0.0037015312005556273
ICYV01030,SDSS-J152304.97+114553.6,1,0,WFC3  ,IR,F160W,2396.926268,2016-06-23T15:29:24.487000,14187,BALDASSARE,230.7706667186,11.76495235879,2,15369.176,2017-06-23T21:34:54,2016-06-23T17:15:26.727000,ICYV01030,,,230.77072 11.76489,0.0048779305913516265
ID1O01010,MRK-1434,1,0,WFC3  ,UVIS2,F606W,1852.0,2016-04-16T04:03:57.797000,14356,PLOTKIN,158.54236,58.06373055556,2,5888.43895,2017-04-16T15:52:10,2016-04-16T04:41:13.780000,ID1O01010,,,158.54231 58.06365,0.005087185515966905
ID1O01020,MRK-1434,1,0,WFC3  ,IRSUB512,F110W,513.758484,2016-04-16T04:44:05.493000,14356,PLOTKIN,158.54236,58.06373055556,2,11534.459,2017-04-16T08:13:15,2016-04-16T05:46:30.933000,ID1O01020,,,158.54231 58.06365,0.005087185515966905
ICRV02010,SDSSJ090613.75+561015.5,1,0,WFC3  ,UVIS2-C1K1C-SUB,F275W,900.0,2015-02-18T02:16:54.883000,13943,REINES,136.5575,56.17097222222,5,2703.2976,2016-02-18T06:54:00,2015-02-18T02:35:00.880000,ICRV02010,,,136.55732 56.17099,0.006106421448353125
ICRV02020,SDSSJ090613.75+561015.5,1,0,WFC3  ,UVIS2-2K2C-SUB,F606W,648.0,2015-02-18T02:36:53.890000,13943,REINES,136.5575,56.17097222222,5,5887.7124,2016-02-18T06:56:57,2015-02-18T03:25:42.897000,ICRV02020,,,136.55732 56.17099,0.006106421448353125
ICRV02030,SDSSJ090613.75+561015.5,1,0,WFC3  ,IRSUB512,F110W,513.758484,2015-02-18T03:55:03.600000,13943,REINES,136.5575,56.17097222222,5,11534.459,2016-02-18T06:58:43,2015-02-18T04:06:36.017000,ICRV02030,,,136.55732 56.17099,0.006106421448353125
ICRV03010,SDSSJ095418.15+471725.1,1,0,WFC3  ,UVIS2-C1K1C-SUB,F275W,882.0,2015-05-23T16:15:41.137000,13943,REINES,148.5758333333,47.29030555556,5,2703.2976,2016-05-23T23:20:44,2015-05-23T16:33:29.120000,ICRV03010,,,148.57564 47.29032,0.007915679585465466
ICRV03020,SDSSJ095418.15+471725.1,1,0,WFC3  ,UVIS2-2K2C-SUB,F606W,645.0,2015-05-23T16:35:22.130000,13943,REINES,148.5758333333,47.29030555556,5,5887.7124,2016-05-23T23:22:39,2015-05-23T16:52:01.120000,ICRV03020,,,148.57564 47.29032,0.007915679585465466
ICRV03030,SDSSJ095418.15+471725.1,1,0,WFC3  ,IRSUB512,F110W,422.073488,2015-05-23T16:55:41.823000,13943,REINES,148.5758333333,47.29030555556,5,11534.459,2016-05-23T23:23:44,2015-05-23T17:05:42.337000,ICRV03030,,,148.57564 47.29032,0.007915679585465466
IF2804010,J144252.81+205451.5,1,0,WFC3  ,UVIS2,F300X,696.0,2023-06-25T13:10:05.287000,17239,CHILINGARIAN,220.7199592999,20.91464775793,0,2813.1549,2023-12-25T20:42:51,2023-06-25T13:23:58.293000,IF2804010,,,220.71994 20.91437,0.01670054356461549
IF2804020,J144252.81+205451.5,1,0,WFC3  ,UVIS2,F350LP,696.0,2023-06-25T13:26:38.280000,17239,CHILINGARIAN,220.7199592999,20.91464775793,0,5862.50925,2023-12-25T15:24:26,2023-06-25T13:40:22.293000,IF2804020,,,220.71994 20.91437,0.01670054356461549
IF2804030,J144252.81+205451.5,1,0,WFC3  ,UVIS2,F600LP,669.0,2023-06-25T13:42:50.280000,17239,CHILINGARIAN,220.7199592999,20.91464775793,0,7460.8884,2023-12-25T20:52:58,2023-06-25T13:56:11.287000,IF2804030,,,220.71994 20.91437,0.01670054356461549
IEYF77010,J155831.99+272824.2,1,0,WFC3  ,UVIS2,F300X,696.0,2023-08-15T12:28:55.457000,17177,CHILINGARIAN,239.6330655455,27.47365383889,0,2813.1549,2024-02-15T16:57:05,2023-08-15T12:42:48.430000,IEYF77010,,,239.63328 27.47338,0.020007108804233228
IEYF77020,J155831.99+272824.2,1,0,WFC3  ,UVIS2,F475W,696.0,2023-08-15T12:45:31.457000,17177,CHILINGARIAN,239.6330655455,27.47365383889,0,4772.63625,2024-02-15T16:57:40,2023-08-15T12:59:22.447000,IEYF77020,,,239.63328 27.47338,0.020007108804233228
IEYF77030,J155831.99+272824.2,1,0,WFC3  ,UVIS2,F814W,657.0,2023-08-15T13:01:57.440000,17177,CHILINGARIAN,239.6330655455,27.47365383889,0,8034.189,2024-02-15T18:45:08,2023-08-15T13:15:09.423000,IEYF77030,,,239.63328 27.47338,0.020007108804233228
IEYF17010,J090105.70+523857.8,1,0,WFC3  ,UVIS2,F300X,740.0,2023-01-19T18:30:09.800000,17177,CHILINGARIAN,135.2742687733,52.64954160008,0,2813.1549,2023-07-20T03:27:04,2023-01-19T18:44:46.807000,IEYF17010,,,135.27377 52.6494,0.02004554277759656
IEYF17020,J090105.70+523857.8,1,0,WFC3  ,UVIS2,F475W,740.0,2023-01-19T18:47:29.800000,17177,CHILINGARIAN,135.2742687733,52.64954160008,0,4772.63625,2023-07-20T03:26:30,2023-01-19T19:02:03.800000,IEYF17020,,,135.27377 52.6494,0.02004554277759656
IEYF17030,J090105.70+523857.8,1,0,WFC3  ,UVIS2,F814W,740.0,2023-01-19T19:04:37.800000,17177,CHILINGARIAN,135.2742687733,52.64954160008,0,8034.189,2023-07-20T03:30:20,2023-01-19T19:19:11.800000,IEYF17030,,,135.27377 52.6494,0.02004554277759656
IEYF65010,J141738.88+072412.3,1,0,WFC3  ,UVIS2,F300X,696.0,2023-01-22T21:17:58.907000,17177,CHILINGARIAN,214.4121689639,7.403140146664,0,2813.1549,2023-07-23T01:40:30,2023-01-22T21:31:51.880000,IEYF65010,,,214.412 7.40343,0.020087885435107804
IEYF65020,J141738.88+072412.3,1,0,WFC3  ,UVIS2,F475W,696.0,2023-01-22T21:34:34.907000,17177,CHILINGARIAN,214.4121689639,7.403140146664,0,4772.63625,2023-07-23T01:51:24,2023-01-22T21:48:25.897000,IEYF65020,,,214.412 7.40343,0.020087885435107804
IEYF65030,J141738.88+072412.3,1,0,WFC3  ,UVIS2,F814W,637.0,2023-01-22T21:51:00.890000,17177,CHILINGARIAN,214.4121689639,7.403140146664,0,8034.189,2023-07-23T06:37:39,2023-01-22T22:03:52.873000,IEYF65030,,,214.412 7.40343,0.020087885435107804
IEYF79010,J162539.87+404804.3,1,0,WFC3  ,UVIS2,F300X,708.0,2023-09-05T07:23:56.533000,17177,CHILINGARIAN,246.4158067602,40.80141252645,0,2813.1549,2024-03-05T11:18:18,2023-09-05T07:38:01.507000,IEYF79010,,,246.41614 40.80119,0.020182761970234227
IEYF79020,J162539.87+404804.3,1,0,WFC3  ,UVIS2,F475W,708.0,2023-09-05T07:40:44.537000,17177,CHILINGARIAN,246.4158067602,40.80141252645,0,4772.63625,2024-03-05T13:46:38,2023-09-05T07:54:46.533000,IEYF79020,,,246.41614 40.80119,0.020182761970234227
IEYF79030,J162539.87+404804.3,1,0,WFC3  ,UVIS2,F814W,708.0,2023-09-05T07:57:20.533000,17177,CHILINGARIAN,246.4158067602,40.80141252645,0,8034.189,2024-03-05T12:49:56,2023-09-05T08:11:22.533000,IEYF79030,,,246.41614 40.80119,0.020182761970234227
IF2802010,J112339.01+232259.1,1,0,WFC3  ,UVIS2,F300X,696.0,2023-05-06T13:12:43.147000,17239,CHILINGARIAN,170.9124377745,23.38340151983,0,2813.1549,2023-11-07T03:03:55,2023-05-06T13:26:36.120000,IF2802010,,,170.91255 23.38308,0.02025706570402813
IF2802020,J112339.01+232259.1,1,0,WFC3  ,UVIS2,F350LP,696.0,2023-05-06T13:29:16.140000,17239,CHILINGARIAN,170.9124377745,23.38340151983,0,5862.50925,2023-11-07T02:58:36,2023-05-06T13:43:00.120000,IF2802020,,,170.91255 23.38308,0.02025706570402813
IF2802030,J112339.01+232259.1,1,0,WFC3  ,UVIS2,F600LP,669.0,2023-05-06T13:45:28.140000,17239,CHILINGARIAN,170.9124377745,23.38340151983,0,7460.8884,2023-11-07T03:03:36,2023-05-06T13:58:49.113000,IF2802030,,,170.91255 23.38308,0.02025706570402813
J9NP03010,NGC4713,1,0,ACS   ,WFC,F606W;CLEAR2L,2238.0,2006-12-20T13:27:27.267000,10829,MARTINI,192.4915833333,5.311302777778,6,5921.4365,2007-12-21T00:48:44.620000,2006-12-20T15:19:28.313000,J9NP03010,,,192.49116 5.31137,0.025610534076626258
ICYV01A1Q,SDSS-J152304.97+114553.6,0,0,WFC3  ,UVIS2,F475W,50.0,2016-06-23T13:26:09.977000,14187,BALDASSARE,230.77072,11.76488888889,2,4772.1709,2017-06-23T19:18:08,2016-06-23T13:26:59.977000,ICYV01A1Q,,,230.77126 11.76482,0.03198753427049658
ICYV01AAQ,SDSS-J152304.97+114553.6,0,0,WFC3  ,UVIS2,F775W,50.0,2016-06-23T15:14:23.993000,14187,BALDASSARE,230.77072,11.76488888889,2,7648.3047,2017-06-23T19:18:22,2016-06-23T15:15:13.960000,ICYV01AAQ,,,230.77126 11.76482,0.03198753427049658
ICYV01AHQ,SDSS-J152304.97+114553.6,0,0,WFC3  ,IR,F160W,299.231262,2016-06-23T17:16:28.457000,14187,BALDASSARE,230.77072,11.76488888889,2,15369.176,2017-06-23T21:06:47,2016-06-23T17:21:27.720000,ICYV01AHQ,,,230.77126 11.76482,0.03198753427049658
ICUU53010,SDSSJ152303.80+114546.0,1,0,WFC3  ,IRSUB512,F110W,972.183472,2016-09-08T05:18:35.867000,14251,REINES,230.7712616667,11.76482222222,2,11534.459,2017-09-09T10:23:36,2016-09-08T05:37:47.900000,ICUU53010,,,230.77072 11.76489,0.03207609676315343
ICYV01010,SDSS-J152304.97+114553.6,1,0,WFC3  ,UVIS2,F475W,2312.0,2016-06-23T11:52:37.977000,14187,BALDASSARE,230.7707042929,11.76491070747,2,4772.63625,2017-06-24T01:05:41,2016-06-23T12:37:33.960000,ICYV01010,,,230.77126 11.76482,0.03309259213629903
ICYV01020,SDSS-J152304.97+114553.6,1,0,WFC3  ,UVIS2,F775W,2424.0,2016-06-23T13:40:44.987000,14187,BALDASSARE,230.7707042929,11.76491070747,2,7649.834,2017-06-24T01:06:40,2016-06-23T15:12:13.960000,ICYV01020,,,230.77126 11.76482,0.03309259213629903
ICYV01030,SDSS-J152304.97+114553.6,1,0,WFC3  ,IR,F160W,2396.926268,2016-06-23T15:29:24.487000,14187,BALDASSARE,230.7706667186,11.76495235879,2,15369.176,2017-06-23T21:34:54,2016-06-23T17:15:26.727000,ICYV01030,,,230.77126 11.76482,0.03574250245593961
IF3404010,NGC-7753,1,0,WFC3  ,IR-FIX,F160W,331.75992,2023-10-28T17:44:21.183000,17270,EVANS,356.770125,29.48344444444,0,15369.176,2024-04-28T22:26:47,2023-10-28T18:44:05.120000,IF3404010,,,356.76956 29.48229,0.07529086286947216
ICD704010,SN2010JL,1,0,WFC3  ,UVIS2-C1K1C-SUB,F336W,1035.0,2014-11-10T03:04:06.700000,13341,VAN DYK,145.7222083333,9.494944444444,0,3354.6558,2014-11-10T08:20:31,2014-11-10T04:42:21.690000,ICD704010,,,145.72186 9.49338,0.0961034676517076
ICD704020,SN2010JL,1,0,WFC3  ,UVIS2-C1K1C-SUB,F275W,1035.0,2014-11-10T03:11:47.723000,13341,VAN DYK,145.7222083333,9.494944444444,0,2703.2976,2014-11-10T08:20:36,2014-11-10T04:50:02.713000,ICD704020,,,145.72186 9.49338,0.0961034676517076
IDI114010,SN2010JL,1,0,WFC3  ,UVIS,F336W,780.0,2018-02-07T18:26:04.660000,15166,FILIPPENKO,145.7222083333,9.494944444444,16,3354.57375,2018-02-08T01:42:50,2018-02-07T18:50:46.627000,IDI114010,,,145.72186 9.49338,0.0961034676517076
IDI114020,SN2010JL,1,0,WFC3  ,UVIS,F814W,710.0,2018-02-07T18:35:08.627000,15166,FILIPPENKO,145.7222083333,9.494944444444,16,8034.189,2018-02-08T01:18:27,2018-02-07T18:58:40.643000,IDI114020,,,145.72186 9.49338,0.0961034676517076
IEB320010,SN2010JL,1,0,WFC3  ,UVIS,F814W,780.0,2020-12-29T23:41:31.457000,16179,FILIPPENKO,145.7222083333,9.494944444444,17,8034.189,2020-12-30T14:43:07,2020-12-30T00:05:45.423000,IEB320010,,,145.72186 9.49338,0.0961034676517076
IEB320020,SN2010JL,1,0,WFC3  ,UVIS,F336W,710.0,2020-12-29T23:50:42.433000,16179,FILIPPENKO,145.7222083333,9.494944444444,17,3354.57375,2020-12-30T14:48:40,2020-12-30T00:14:21.423000,IEB320020,,,145.72186 9.49338,0.0961034676517076
ICUQ18010,SN2010JL,1,0,WFC3  ,UVIS,F814W,780.0,2015-10-10T01:42:26.423000,14149,FILIPPENKO,145.7208333333,9.494944444444,8,8034.189,2015-10-10T07:13:39,2015-10-10T02:07:09.413000,ICUQ18010,,,145.72186 9.49338,0.11181355312804041
ICUQ18020,SN2010JL,1,0,WFC3  ,UVIS,F336W,710.0,2015-10-10T01:51:34.423000,14149,FILIPPENKO,145.7208333333,9.494944444444,8,3354.57375,2015-10-10T07:14:14,2015-10-10T02:15:07.427000,ICUQ18020,,,145.72186 9.49338,0.11181355312804041
ID9636010,SN2010JL,1,0,WFC3  ,UVIS,F814W,780.0,2016-10-27T08:15:52.243000,14668,FILIPPENKO,145.7208333333,9.494944444444,19,8034.189,2016-10-27T19:38:19,2016-10-27T08:40:35.233000,ID9636010,,,145.72186 9.49338,0.11181355312804041
ID9636020,SN2010JL,1,0,WFC3  ,UVIS,F336W,710.0,2016-10-27T08:25:00.243000,14668,FILIPPENKO,145.7208333333,9.494944444444,19,3354.57375,2016-10-27T20:24:13,2016-10-27T08:48:33.217000,ID9636020,,,145.72186 9.49338,0.11181355312804041
U9WQ4501M,M31-OB136,1,0,WFPC2 ,WFALL,F336W,300.0,2007-09-16T05:04:17.007000,11079,BIANCHI,9.826416475694,40.36955382611,14,3344.0,2007-09-16T09:38:15,2007-09-16T05:09:17.007000,U9WQ4501M,,,9.8286 40.36621,0.22408886976942172
U9WQ4502M,M31-OB136,1,0,WFPC2 ,WFALL,F336W,300.0,2007-09-16T05:12:17.007000,11079,BIANCHI,9.826416475694,40.36955382611,14,3344.0,2007-09-16T09:39:52,2007-09-16T05:17:17.007000,U9WQ4502M,,,9.8286 40.36621,0.22408886976942172
U9WQ4503M,M31-OB136,1,0,WFPC2 ,WFALL,F170W,600.0,2007-09-16T05:23:17.007000,11079,BIANCHI,9.826416475694,40.36955382611,14,1770.0,2007-09-16T09:40:21,2007-09-16T05:33:17.007000,U9WQ4503M,,,9.8286 40.36621,0.22408886976942172
U9WQ4504M,M31-OB136,1,0,WFPC2 ,WFALL,F170W,600.0,2007-09-16T05:36:17.007000,11079,BIANCHI,9.826416475694,40.36955382611,14,1770.0,2007-09-16T09:41:49,2007-09-16T05:46:17.007000,U9WQ4504M,,,9.8286 40.36621,0.22408886976942172
U9WQ4505M,M31-OB136,1,0,WFPC2 ,WFALL,F439W,230.0,2007-09-16T06:37:17.007000,11079,BIANCHI,9.826416475694,40.36955382611,14,4311.0,2007-09-16T09:43:19,2007-09-16T06:41:07.007000,U9WQ4505M,,,9.8286 40.36621,0.22408886976942172
U9WQ4506M,M31-OB136,1,0,WFPC2 ,WFALL,F439W,260.0,2007-09-16T06:44:17.007000,11079,BIANCHI,9.826416475694,40.36955382611,14,4311.0,2007-09-16T09:43:52,2007-09-16T06:48:37.007000,U9WQ4506M,,,9.8286 40.36621,0.22408886976942172
U9WQ4507M,M31-OB136,1,0,WFPC2 ,WFALL,F555W,50.0,2007-09-16T06:52:16.883000,11079,BIANCHI,9.826416475694,40.36955382611,14,5439.0,2007-09-16T09:45:25,2007-09-16T06:53:06.883000,U9WQ4507M,,,9.8286 40.36621,0.22408886976942172
U9WQ4508M,M31-OB136,1,0,WFPC2 ,WFALL,F555W,50.0,2007-09-16T06:55:16.883000,11079,BIANCHI,9.826416475694,40.36955382611,14,5439.0,2007-09-16T09:46:52,2007-09-16T06:56:06.883000,U9WQ4508M,,,9.8286 40.36621,0.22408886976942172
U9WQ4509M,M31-OB136,1,0,WFPC2 ,WFALL,F814W,60.0,2007-09-16T06:59:16.883000,11079,BIANCHI,9.826416475694,40.36955382611,14,8012.0,2007-09-16T09:48:26,2007-09-16T07:00:16.883000,U9WQ4509M,,,9.8286 40.36621,0.22408886976942172
U9WQ450AM,M31-OB136,1,0,WFPC2 ,WFALL,F814W,60.0,2007-09-16T07:02:16.883000,11079,BIANCHI,9.826416475694,40.36955382611,14,8012.0,2007-09-16T09:48:58,2007-09-16T07:03:16.883000,U9WQ450AM,,,9.8286 40.36621,0.22408886976942172
U9WQ450BM,M31-OB136,1,0,WFPC2 ,WFALL,F255W,300.0,2007-09-16T07:08:17.007000,11079,BIANCHI,9.826416475694,40.36955382611,14,2599.0,2007-09-16T09:50:31,2007-09-16T07:13:17.007000,U9WQ450BM,,,9.8286 40.36621,0.22408886976942172
U9WQ450CM,M31-OB136,1,0,WFPC2 ,WFALL,F255W,260.0,2007-09-16T07:16:17.007000,11079,BIANCHI,9.826416475694,40.36955382611,14,2599.0,2007-09-16T09:51:37,2007-09-16T07:20:37.007000,U9WQ450CM,,,9.8286 40.36621,0.22408886976942172
U65R1101R,UGC05189,1,0,WFPC2 ,WFALL-FIX,F814W,100.0,2001-02-14T17:26:13.193000,8645,WINDHORST,145.726948611,9.495797072384,37,8012.0,2001-02-15T18:05:19,2001-02-14T17:27:53.193000,U65R1101R,,,145.72186 9.49338,0.3342362288315088
U65R1102R,UGC05189,1,0,WFPC2 ,WFALL-FIX,F300W,1000.0,2001-02-14T17:30:13.320000,8645,WINDHORST,145.726948611,9.495797072384,37,2987.0,2001-02-15T17:13:41,2001-02-14T17:46:53.317000,U65R1102R,,,145.72186 9.49338,0.3342362288315088
U65R1103R,UGC05189,1,0,WFPC2 ,WFALL-FIX,F300W,800.0,2001-02-14T18:42:13.320000,8645,WINDHORST,145.7270545023,9.495885647792,37,2987.0,2001-02-15T19:18:30,2001-02-14T18:55:33.320000,U65R1103R,,,145.72186 9.49338,0.3421942370563229
U65R1104R,UGC05189,1,0,WFPC2 ,WFALL-FIX,F814W,100.0,2001-02-14T18:59:13.193000,8645,WINDHORST,145.7270545023,9.495885647792,37,8012.0,2001-02-15T18:25:10,2001-02-14T19:00:53.193000,U65R1104R,,,145.72186 9.49338,0.3421942370563229
IBTT69PZQ,ANY,0,0,WFC3  ,IR,F140W,202.936401,2013-01-27T05:19:58.580000,12568,MALKAN,9.82217360736,40.36268828558,14,13922.907,2013-01-27T08:11:12,2013-01-27T05:23:21.490000,IBTT69PZQ,,,9.8286 40.36621,0.36188732633990767
IBTT70QDQ,ANY,0,0,WFC3  ,IR,F140W,202.936401,2013-01-27T06:38:47.570000,12568,MALKAN,9.82217360736,40.36268828558,14,13922.907,2013-01-27T08:11:47,2013-01-27T06:42:10.517000,IBTT70QDQ,,,9.8286 40.36621,0.36188732633990767
U8ITFD01M,GOODS,1,0,WFPC2 ,WFALL-FIX,F300W,300.0,2002-11-01T13:33:17.073000,9481,GARDNER,53.13442370441,-27.61352890284,6,2987.0,2002-11-01T15:44:04,2002-11-01T13:38:17.073000,U8ITFD01M,,,53.1301 -27.6189,0.3958460110488755
U8ITG901M,GOODS,1,0,WFPC2 ,WFALL-FIX,F300W,260.0,2002-11-01T15:08:17.073000,9481,GARDNER,53.13442370441,-27.61352890284,6,2987.0,2002-11-01T17:11:40,2002-11-01T15:12:37.073000,U8ITG901M,,,53.1301 -27.6189,0.3958460110488755
U8ITFD02M,GOODS,1,0,WFPC2 ,WFALL-FIX,F300W,500.0,2002-11-01T14:06:17.073000,9481,GARDNER,53.13445993539,-27.61354213013,6,2987.0,2002-11-01T17:08:45,2002-11-01T14:14:37.073000,U8ITFD02M,,,53.1301 -27.6189,0.3963236193722346
U8ITG801M,GOODS,1,0,WFPC2 ,WFALL-FIX,F300W,400.0,2002-11-01T13:44:17.073000,9481,GARDNER,53.13445993539,-27.61354213013,6,2987.0,2002-11-01T15:44:49,2002-11-01T13:50:57.073000,U8ITG801M,,,53.1301 -27.6189,0.3963236193722346
U8ITGA01M,GOODS,1,0,WFPC2 ,WFALL-FIX,F300W,260.0,2002-11-01T15:20:17.073000,9481,GARDNER,53.13450673059,-27.61352641383,6,2987.0,2002-11-01T17:12:54,2002-11-01T15:24:37.073000,U8ITGA01M,,,53.1301 -27.6189,0.3985462414216781
JDRZ1C010,ARP86,1,0,ACS   ,WFC,F606W;CLEAR2L,780.0,2019-12-01T11:05:09.357000,15446,DALCANTON,356.7650367968,29.47583120358,3,5921.8926,2019-12-01T15:38:02,2019-12-01T11:20:52.420000,JDRZ1C010,,,356.76956 29.48229,0.45386666378644763
U9ZV3O01M,SDSSJ102252.20+464220.8,1,0,WFPC2 ,PC1,F814W,30.0,2009-01-20T08:20:12.323000,11130,HO,155.7270785721,46.7110678806,7,8012.0,2010-01-20T23:50:47.493000,2009-01-20T08:20:42.323000,U9ZV3O01M,,,155.71759 46.70578,0.5030534046165528
U9ZV3O02M,SDSSJ102252.20+464220.8,1,0,WFPC2 ,PC1,F814W,600.0,2009-01-20T08:22:12.447000,11130,HO,155.7270785721,46.7110678806,7,8012.0,2010-01-20T23:50:58.053000,2009-01-20T08:32:12.447000,U9ZV3O02M,,,155.71759 46.70578,0.5030534046165528
U9ZV3F01M,SDSSJ085125.81+393541.8,1,0,WFPC2 ,PC1,F814W,30.0,2008-11-07T17:59:13.187000,11130,HO,132.8683735837,39.59373769929,7,8012.0,2009-11-08T00:45:12.170000,2008-11-07T17:59:43.187000,U9ZV3F01M,,,132.85757 39.59494,0.5046813145688044
U9ZV3F02M,SDSSJ085125.81+393541.8,1,0,WFPC2 ,PC1,F814W,600.0,2008-11-07T18:01:13.313000,11130,HO,132.8683735837,39.59373769929,7,8012.0,2009-11-08T00:45:21.247000,2008-11-07T18:11:13.313000,U9ZV3F02M,,,132.85757 39.59494,0.5046813145688044
U9ZV3D01M,SDSSJ084204.94+403934.4,1,0,WFPC2 ,PC1,F814W,30.0,2009-01-21T09:35:12.323000,11130,HO,130.5231729113,40.66775720455,7,8012.0,2010-01-22T17:59:54.113000,2009-01-21T09:35:42.323000,U9ZV3D01M,,,130.52054 40.65958,0.5050540306113138
U9ZV3D02M,SDSSJ084204.94+403934.4,1,0,WFPC2 ,PC1,F814W,600.0,2009-01-21T09:37:12.450000,11130,HO,130.5231729113,40.66775720455,7,8012.0,2010-01-22T18:00:02.253000,2009-01-21T09:47:12.450000,U9ZV3D02M,,,130.52054 40.65958,0.5050540306113138
U9ZV1S01M,SDSSJ153425.59+040806.7,1,0,WFPC2 ,PC1,F814W,30.0,2008-04-14T07:32:17.243000,11130,HO,233.6140476035,4.139233914404,7,8012.0,2009-04-14T16:08:15.390000,2008-04-14T07:32:47.243000,U9ZV1S01M,,,233.60664 4.13519,0.5053561220002226
U9ZV1S02M,SDSSJ153425.59+040806.7,1,0,WFPC2 ,PC1,F814W,600.0,2008-04-14T07:34:17.367000,11130,HO,233.6140476035,4.139233914404,7,8012.0,2009-04-15T07:08:57.023000,2008-04-14T07:44:17.367000,U9ZV1S02M,,,233.60664 4.13519,0.5053561220002226
U9ZV3L01M,SDSSJ094422.04+472735.3,1,0,WFPC2 ,PC1,F814W,30.0,2008-11-06T21:20:13.187000,11130,HO,146.1037897314,47.45740250268,7,8012.0,2009-11-07T04:58:41.817000,2008-11-06T21:20:43.187000,U9ZV3L01M,,,146.09184 47.45983,0.5061766825757253
U9ZV3L02M,SDSSJ094422.04+472735.3,1,0,WFPC2 ,PC1,F814W,600.0,2008-11-06T21:22:13.310000,11130,HO,146.1037897314,47.45740250268,7,8012.0,2009-11-07T05:08:50.640000,2008-11-06T21:32:13.310000,U9ZV3L02M,,,146.09184 47.45983,0.5061766825757253
U9ZV3N01M,SDSSJ094705.72+050159.9,1,0,WFPC2 ,PC1,F814W,30.0,2008-11-28T06:16:13.223000,11130,HO,146.7811079959,5.028991406418,7,8012.0,2009-11-28T20:44:08.490000,2008-11-28T06:16:43.223000,U9ZV3N01M,,,146.77383 5.03331,0.5063235647453004
U9ZV3N02M,SDSSJ094705.72+050159.9,1,0,WFPC2 ,PC1,F814W,600.0,2008-11-28T06:18:13.350000,11130,HO,146.7811079959,5.028991406418,7,8012.0,2009-11-28T20:54:24.613000,2008-11-28T06:28:13.350000,U9ZV3N02M,,,146.77383 5.03331,0.5063235647453004
U9ZV3I01M,SDSSJ093226.81+420516.9,1,0,WFPC2 ,PC1,F814W,30.0,2008-11-13T21:01:13.197000,11130,HO,143.1228387666,42.08632631353,7,8012.0,2009-11-14T16:42:44.630000,2008-11-13T21:01:43.197000,U9ZV3I01M,,,143.1117 42.08804,0.5065276908176088
U9ZV3I02M,SDSSJ093226.81+420516.9,1,0,WFPC2 ,PC1,F814W,600.0,2008-11-13T21:03:13.323000,11130,HO,143.1228387666,42.08632631353,7,8012.0,2009-11-14T16:51:59.223000,2008-11-13T21:13:13.323000,U9ZV3I02M,,,143.1117 42.08804,0.5065276908176088
U9ZV3J01M,SDSSJ093239.47+511542.6,1,0,WFPC2 ,PC1,F814W,30.0,2008-11-14T13:00:13.200000,11130,HO,143.1777455889,51.26042272284,7,8012.0,2009-11-14T17:33:59.873000,2008-11-14T13:00:43.200000,U9ZV3J01M,,,143.16443 51.26192,0.5079581722020625
U9ZV3J02M,SDSSJ093239.47+511542.6,1,0,WFPC2 ,PC1,F814W,600.0,2008-11-14T13:02:13.323000,11130,HO,143.1777455889,51.26042272284,7,8012.0,2009-11-14T17:34:05.223000,2008-11-14T13:12:13.323000,U9ZV3J02M,,,143.16443 51.26192,0.5079581722020625
U33J1601R,1ES0347-121,1,0,WFPC2 ,PC1-FIX,F702W,40.0,1997-03-26T12:32:14.570000,6363,URRY,57.33807178596,-11.98964687534,32,6919.0,1998-03-26T17:20:41,1997-03-26T12:32:54.570000,U33J1601R,,,57.34663 -11.99095,0.50833885080493
U33J1602R,1ES0347-121,1,0,WFPC2 ,PC1-FIX,F702W,230.0,1997-03-26T12:34:14.697000,6363,URRY,57.33807178596,-11.98964687534,32,6919.0,1998-03-26T17:29:13,1997-03-26T12:38:04.697000,U33J1602R,,,57.34663 -11.99095,0.50833885080493
U33J1603R,1ES0347-121,1,0,WFPC2 ,PC1-FIX,F702W,230.0,1997-03-26T12:41:14.697000,6363,URRY,57.33807178596,-11.98964687534,32,6919.0,1998-03-26T17:09:41,1997-03-26T12:45:04.697000,U33J1603R,,,57.34663 -11.99095,0.50833885080493
U9ZV3R01M,SDSSJ110912.39+612346.7,1,0,WFPC2 ,PC1,F814W,30.0,2008-11-14T22:39:13.200000,11130,HO,167.316411748,61.39172253042,7,8012.0,2009-11-15T07:51:38.577000,2008-11-14T22:39:43.200000,U9ZV3R01M,,,167.30166 61.39641,0.5086099388598649
U9ZV3R02M,SDSSJ110912.39+612346.7,1,0,WFPC2 ,PC1,F814W,600.0,2008-11-14T22:41:13.327000,11130,HO,167.316411748,61.39172253042,7,8012.0,2009-11-15T08:01:45.380000,2008-11-14T22:51:13.327000,U9ZV3R02M,,,167.30166 61.39641,0.5086099388598649
U9ZV3O03M,SDSSJ102252.20+464220.8,1,0,WFPC2 ,PC1,F814W,600.0,2009-01-20T09:56:12.447000,11130,HO,155.7273137476,46.71117851052,7,8012.0,2010-01-20T23:51:08.820000,2009-01-20T10:06:12.447000,U9ZV3O03M,,,155.71759 46.70578,0.514749070763123
U9ZV3F03M,SDSSJ085125.81+393541.8,1,0,WFPC2 ,PC1,F814W,600.0,2008-11-07T18:17:13.313000,11130,HO,132.8686212259,39.59369496432,7,8012.0,2009-11-08T00:45:32.190000,2008-11-07T18:27:13.313000,U9ZV3F03M,,,132.85757 39.59494,0.516380826300599
U9ZV3D03M,SDSSJ084204.94+403934.4,1,0,WFPC2 ,PC1,F814W,600.0,2009-01-21T09:53:12.450000,11130,HO,130.5232519923,40.66794333358,7,8012.0,2010-01-22T18:09:59.113000,2009-01-21T10:03:12.450000,U9ZV3D03M,,,130.52054 40.65958,0.5167574939383527
U9ZV1S03M,SDSSJ153425.59+040806.7,1,0,WFPC2 ,PC1,F814W,600.0,2008-04-14T09:02:17.367000,11130,HO,233.6142264045,4.139314156268,7,8012.0,2009-04-15T07:09:51.437000,2008-04-14T09:12:17.367000,U9ZV1S03M,,,233.60664 4.13519,0.5170546080271967
U9ZV3L03M,SDSSJ094422.04+472735.3,1,0,WFPC2 ,PC1,F814W,600.0,2008-11-06T21:38:13.310000,11130,HO,146.1040598315,47.45733257377,7,8012.0,2009-11-07T05:08:55.260000,2008-11-06T21:48:13.310000,U9ZV3L03M,,,146.09184 47.45983,0.5178788548658256
U9ZV3N03M,SDSSJ094705.72+050159.9,1,0,WFPC2 ,PC1,F814W,600.0,2008-11-28T06:34:13.350000,11130,HO,146.7812684902,5.028878794376,7,8012.0,2009-11-28T21:04:22.813000,2008-11-28T06:44:13.350000,U9ZV3N03M,,,146.77383 5.03331,0.5180234298117012
U9ZV3I03M,SDSSJ093226.81+420516.9,1,0,WFPC2 ,PC1,F814W,600.0,2008-11-13T21:19:13.323000,11130,HO,143.1230920172,42.08627229397,7,8012.0,2009-11-14T16:52:13.533000,2008-11-13T21:29:13.323000,U9ZV3I03M,,,143.1117 42.08804,0.5182284429753118
IBZU03KVQ,JKCS041-3,0,0,WFC3  ,GRISM1024,F105W,352.939514,2012-11-06T10:55:48.407000,12927,NEWMAN,36.68320833333,-4.692058333333,5,10551.047,2013-11-06T14:28:29,2012-11-06T11:01:41.337000,IBZU03KVQ,,,36.68221 -4.68346,0.5193427147615415
IBZU03L3Q,JKCS041-3,0,0,WFC3  ,GRISM1024,F160W,399.231567,2012-11-06T14:04:54.423000,12927,NEWMAN,36.68320833333,-4.692058333333,5,15369.176,2013-11-06T18:57:21,2012-11-06T14:11:33.657000,IBZU03L3Q,,,36.68221 -4.68346,0.5193427147615415
U9ZV3J03M,SDSSJ093239.47+511542.6,1,0,WFPC2 ,PC1,F814W,600.0,2008-11-14T13:18:13.323000,11130,HO,143.1780487692,51.26037532567,7,8012.0,2009-11-14T17:34:10.500000,2008-11-14T13:28:13.323000,U9ZV3J03M,,,143.16443 51.26192,0.5196658317174248
U9ZV3R03M,SDSSJ110912.39+612346.7,1,0,WFPC2 ,PC1,F814W,600.0,2008-11-14T22:57:13.327000,11130,HO,167.316736558,61.39160398154,7,8012.0,2009-11-15T08:01:50.383000,2008-11-14T23:07:13.327000,U9ZV3R03M,,,167.30166 61.39641,0.5203188684582916
U29R4401T,NGC4293,1,0,WFPC2 ,PC1,F606W,80.0,1995-04-30T23:36:16.937000,5446,ILLINGWORTH,185.2982042553,18.39000983531,124,5997.0,1996-05-01T02:40:13,1995-04-30T23:37:36.933000,U29R4401T,,,185.30344 18.38271,0.5298147734522015
U29R4402T,NGC4293,1,0,WFPC2 ,PC1,F606W,80.0,1995-04-30T23:39:16.930000,5446,ILLINGWORTH,185.2982042553,18.39000983531,124,5997.0,1996-05-01T02:44:37,1995-04-30T23:40:36.930000,U29R4402T,,,185.30344 18.38271,0.5298147734522015
IC2G10010,CFHTD1-26413,1,0,WFC3  ,IR,F160W,811.73578,2012-10-15T23:59:32.407000,12990,MUZZIN,36.67537291667,-4.677744444444,25,15369.176,2013-10-16T03:56:31,2012-10-16T00:16:12.343000,IC2G10010,,,36.68221 -4.68346,0.5336358859842515
IBZU01010,JKCS041-1,1,0,WFC3  ,IR-FIX,F160W,3311.739318,2013-02-12T09:03:07.627000,12927,NEWMAN,36.68375355956,-4.692535356362,5,15369.176,2014-02-12T11:53:45,2013-02-12T10:47:20.587000,IBZU01010,,,36.68221 -4.68346,0.5522893400291206
IBZU01020,JKCS041-1,1,0,WFC3  ,IR-FIX,F105W,1611.742432,2013-02-12T10:48:22.637000,12927,NEWMAN,36.68375355956,-4.692535356362,5,10551.047,2014-02-12T13:50:11,2013-02-12T11:18:20.587000,IBZU01020,,,36.68221 -4.68346,0.5522893400291206
U3GI8309M,MARS-CML030,0,0,WFPC2 ,PC1-FIX;FR680N18,FR680N18,0.3,1997-06-27T17:47:14.563000,6741,JAMES,183.5976669353,-1.325302125023,17,6800.0,1998-06-28T00:43:29,1997-06-27T17:47:14.863000,U3GI8309M,,13,183.60483 -1.3194,0.5567962826001315
U3GI8308M,MARS-CML030,0,0,WFPC2 ,PC1-FIX,F588N,0.5,1997-06-27T17:40:14.563000,6741,JAMES,183.5964659451,-1.323817464075,17,5894.0,1998-06-28T00:21:12,1997-06-27T17:40:15.063000,U3GI8308M,,13,183.60483 -1.3194,0.5674179039456022
U3GI8307M,MARS-CML030,0,0,WFPC2 ,PC1-FIX,F1042M,2.6,1997-06-27T17:37:14.563000,6741,JAMES,183.5955825678,-1.32338625457,17,10228.0,1998-06-28T00:17:34,1997-06-27T17:37:17.163000,U3GI8307M,,13,183.60483 -1.3194,0.6040654812300533
U3GI830AM,MARS-CML030,0,0,WFPC2 ,PC1-FIX,FR868N,0.6,1997-06-27T17:52:14.563000,6741,JAMES,183.5981193011,-1.327212677878,17,8700.0,1998-06-28T00:13:03,1997-06-27T17:52:15.163000,U3GI830AM,,13,183.60483 -1.3194,0.6178759024425102
JDRZ0P010,ARP58,1,0,ACS   ,WFC1,F606W;CLEAR2L,780.0,2021-03-13T14:05:17.590000,15446,DALCANTON,127.9936692715,19.20877387107,3,5921.8926,2021-03-13T16:24:47,2021-03-13T14:21:00.623000,JDRZ0P010,,,128.00213 19.20164,0.6426724494951691
U3GI8306M,MARS-CML030,0,0,WFPC2 ,PC1-FIX,F953N,3.5,1997-06-27T17:34:14.563000,6741,JAMES,183.5946992078,-1.322955050872,17,9545.0,1998-06-28T00:20:55,1997-06-27T17:34:18.063000,U3GI8306M,,13,183.60483 -1.3194,0.6440344652919235
U3GI8305M,MARS-CML030,0,0,WFPC2 ,PC1-FIX,F673N,0.5,1997-06-27T17:29:14.563000,6741,JAMES,183.5932269833,-1.32223638034,17,6732.0,1998-06-28T00:16:38,1997-06-27T17:29:15.063000,U3GI8305M,,13,183.60483 -1.3194,0.7165002871106084
IBZU02JRQ,JKCS041-2,0,0,WFC3  ,GRISM1024,F105W,352.939514,2012-10-28T06:42:29.400000,12927,NEWMAN,36.68266666667,-4.695866666667,5,10551.047,2013-10-28T09:52:57,2012-10-28T06:48:22.360000,IBZU02JRQ,,,36.68221 -4.68346,0.7449007327107674
IBZU02JZQ,JKCS041-2,0,0,WFC3  ,GRISM1024,F160W,399.231567,2012-10-28T09:51:24.407000,12927,NEWMAN,36.68266666667,-4.695866666667,5,15369.176,2013-10-28T14:58:33,2012-10-28T09:58:03.640000,IBZU02JZQ,,,36.68221 -4.68346,0.7449007327107674
U3GI8304M,MARS-CML030,0,0,WFPC2 ,PC1-FIX,F502N,4.0,1997-06-27T17:26:14.563000,6741,JAMES,183.5923436694,-1.32180519213,17,5012.0,1998-06-28T00:10:41,1997-06-27T17:26:18.563000,U3GI8304M,,13,183.60483 -1.3194,0.7627569216111222
U42O3803R,NGC4286,1,0,WFPC2 ,WF3-FIX,F555W,230.0,1997-11-10T23:49:13.827000,7377,MILLER,185.16577093,29.35575233,6,5439.0,1998-11-11T23:46:34,1997-11-10T23:53:03.827000,U42O3803R,,,185.17539 29.34589,0.7766751859886376
U42O3801R,NGC4286,1,0,WFPC2 ,WF3-FIX,F814W,300.0,1997-11-10T23:33:13.827000,7377,MILLER,185.165770926,29.35575233205,6,8012.0,1998-11-11T23:41:21,1997-11-10T23:38:13.827000,U42O3801R,,,185.17539 29.34589,0.7766754151939647
U42O3802R,NGC4286,1,0,WFPC2 ,WF3-FIX,F555W,230.0,1997-11-10T23:42:13.827000,7377,MILLER,185.165770926,29.35575233205,6,5439.0,1998-11-11T23:39:11,1997-11-10T23:46:03.827000,U42O3802R,,,185.17539 29.34589,0.7766754151939647
U3GI8303M,MARS-CML030,0,0,WFPC2 ,PC1-FIX,F410M,1.8,1997-06-27T17:23:14.563000,6741,JAMES,183.5914603727,-1.321374009728,17,4088.0,1998-06-28T00:24:33,1997-06-27T17:23:16.363000,U3GI8303M,,13,183.60483 -1.3194,0.8106635881953999
IBZU04XJQ,JKCS041-4,0,0,WFC3  ,GRISM1024,F105W,352.939514,2013-01-20T09:04:11.570000,12927,NEWMAN,36.68070833333,-4.697166666667,5,10551.047,2014-01-20T12:49:23,2013-01-20T09:10:04.500000,IBZU04XJQ,,,36.68221 -4.68346,0.8272880334542274
IBZU04XUQ,JKCS041-4,0,0,WFC3  ,GRISM1024,F160W,399.231567,2013-01-20T13:45:02.580000,12927,NEWMAN,36.68070833333,-4.697166666667,5,15369.176,2014-01-20T18:59:21,2013-01-20T13:51:41.810000,IBZU04XUQ,,,36.68221 -4.68346,0.8272880334542274
U3GI8302M,MARS-CML030,0,0,WFPC2 ,PC1-FIX,F336W,2.0,1997-06-27T17:20:14.563000,6741,JAMES,183.5905770934,-1.320942833135,17,3344.0,1998-06-27T21:42:30,1997-06-27T17:20:16.563000,U3GI8302M,,13,183.60483 -1.3194,0.8599443336863921
U3GI8301M,MARS-CML030,0,0,WFPC2 ,PC1-FIX,F255W,140.0,1997-06-27T17:15:14.563000,6741,JAMES,183.5896938313,-1.320511662351,17,2599.0,1998-06-27T21:56:49,1997-06-27T17:17:34.563000,U3GI8301M,,13,183.60483 -1.3194,0.9103758409033461
IF7Q23010,NGC-1609,1,0,WFC3  ,IR,F110W,2011.745848,2024-09-11T00:04:27.210000,17436,JENSEN,68.18791666667,-4.372388888889,0,11534.459,2025-03-11T05:18:15,2024-09-11T00:41:05.163000,IF7Q23010,,,68.17618 -4.38251,0.9283218556815301
U8ITDZ01M,GOODS,1,0,WFPC2 ,WFALL-FIX,F300W,260.0,2002-09-19T23:42:17.020000,9481,GARDNER,53.1285575874,-27.63705042015,6,2987.0,2002-09-20T06:36:00,2002-09-19T23:46:37.020000,U8ITDZ01M,,,53.1301 -27.6189,1.0921074507383188
J9TY75030,COMA7-7,1,0,ACS   ,WFC,CLEAR1L;F814W,1400.0,2007-01-17T14:37:48.300000,10861,CARTER,194.6989583333,27.77018611111,55,8045.2451,2007-01-18T04:56:38,2007-01-17T17:35:43.363000,J9TY75030,,9,194.68974 27.75391,1.0923491290911063
J9TY75040,COMA7-7,1,0,ACS   ,WFC,F475W;CLEAR2L,2677.0,2007-01-17T14:46:34.317000,10861,CARTER,194.6989583333,27.77018611111,55,4747.4473,2007-01-18T05:39:12,2007-01-17T17:50:51.330000,J9TY75040,,5,194.68974 27.75391,1.0923491290911063
U8ITDI02M,GOODS,1,0,WFPC2 ,WFALL-FIX,F300W,500.0,2002-09-19T22:31:17.020000,9481,GARDNER,53.12853700342,-27.63709084061,6,2987.0,2002-09-20T04:21:58,2002-09-19T22:39:37.020000,U8ITDI02M,,,53.1301 -27.6189,1.0946083608305976
U8ITDX01M,GOODS,1,0,WFPC2 ,WFALL-FIX,F300W,400.0,2002-09-19T22:08:17.020000,9481,GARDNER,53.12853700342,-27.63709084061,6,2987.0,2002-09-20T04:20:44,2002-09-19T22:14:57.020000,U8ITDX01M,,,53.1301 -27.6189,1.0946083608305976
U8ITDI01M,GOODS,1,0,WFPC2 ,WFALL-FIX,F300W,400.0,2002-09-19T21:56:17.020000,9481,GARDNER,53.12850081047,-27.637104166,6,2987.0,2002-09-20T04:19:18,2002-09-19T22:02:57.020000,U8ITDI01M,,,53.1301 -27.6189,1.0955531919299355
U8ITDY01M,GOODS,1,0,WFPC2 ,WFALL-FIX,F300W,260.0,2002-09-19T23:30:17.020000,9481,GARDNER,53.12850081047,-27.637104166,6,2987.0,2002-09-20T04:22:59,2002-09-19T23:34:37.020000,U8ITDY01M,,,53.1301 -27.6189,1.0955531919299355
ICWA07012,EG3,1,0,WFC3  ,UVIS2-C1K1C-CTE,F606W,1240.0,2016-11-13T14:55:06.287000,14160,O'MEARA,36.6522740057,-4.313949277624,4,5887.7124,2017-11-13T21:48:02,2016-11-13T15:17:54.267000,,,,36.6667 -4.3026,1.0993941377913878
ICWA07022,EG3,1,0,WFC3  ,UVIS2-C1K1C-CTE,F606W,1298.0,2016-11-13T16:29:35.277000,14160,O'MEARA,36.6522740057,-4.313949277624,4,5887.7124,2017-11-13T23:18:15,2016-11-13T16:53:21.277000,,,,36.6667 -4.3026,1.0993941377913878
ICWA07010,EG3,1,0,WFC3  ,UVIS2-C1K1C-CTE,F606W,2480.0,2016-11-13T14:30:10.287000,14160,O'MEARA,36.65173988001,-4.314356674991,4,5888.43895,2017-11-13T21:48:02,2016-11-13T15:17:54.267000,ICWA07010,,,36.6667 -4.3026,1.139623278169391
ICWA07011,EG3,1,0,WFC3  ,UVIS2-C1K1C-CTE,F606W,1240.0,2016-11-13T14:30:10.287000,14160,O'MEARA,36.65173988001,-4.314356674991,4,5887.7124,2017-11-13T21:48:02,2016-11-13T14:52:58.267000,,,,36.6667 -4.3026,1.139623278169391
ICWA07020,EG3,1,0,WFC3  ,UVIS2-C1K1C-CTE,F606W,2596.0,2016-11-13T16:03:41.293000,14160,O'MEARA,36.65173988001,-4.314356674991,4,5888.43895,2017-11-13T23:18:15,2016-11-13T16:53:21.277000,ICWA07020,,,36.6667 -4.3026,1.139623278169391
ICWA07021,EG3,1,0,WFC3  ,UVIS2-C1K1C-CTE,F606W,1298.0,2016-11-13T16:03:41.293000,14160,O'MEARA,36.65173988001,-4.314356674991,4,5887.7124,2017-11-13T23:18:15,2016-11-13T16:27:27.290000,,,,36.6667 -4.3026,1.139623278169391
ICWA08010,EG3,1,0,WFC3  ,UVIS2-C1K1C-CTE,F390W,2740.0,2016-11-17T05:56:26.287000,14160,O'MEARA,36.65173988001,-4.314356674991,4,3922.2046,2017-11-17T16:35:41,2016-11-17T06:44:14.267000,ICWA08010,,,36.6667 -4.3026,1.139623278169391
ICWA08020,EG3,1,0,WFC3  ,UVIS2-C1K1C-CTE,F390W,2852.0,2016-11-17T07:29:59.277000,14160,O'MEARA,36.65173988001,-4.314356674991,4,3922.2046,2017-11-17T17:49:15,2016-11-17T08:19:39.290000,ICWA08020,,,36.6667 -4.3026,1.139623278169391
ICWA08030,EG3,1,0,WFC3  ,UVIS2-C1K1C-CTE,F390W,2852.0,2016-11-17T09:05:23.277000,14160,O'MEARA,36.65173988001,-4.314356674991,4,3922.2046,2017-11-17T17:50:53,2016-11-17T09:55:03.290000,ICWA08030,,,36.6667 -4.3026,1.139623278169391
ICWA09010,EG3,1,0,WFC3  ,UVIS2-C1K1C-CTE,F390W,2740.0,2016-11-18T08:58:11.277000,14160,O'MEARA,36.65173988001,-4.314356674991,4,3922.2046,2017-11-18T22:58:05,2016-11-18T09:45:59.290000,ICWA09010,,,36.6667 -4.3026,1.139623278169391
ICWA09020,EG3,1,0,WFC3  ,UVIS2-C1K1C-CTE,F390W,2852.0,2016-11-18T10:31:43.277000,14160,O'MEARA,36.65173988001,-4.314356674991,4,3922.2046,2017-11-18T22:50:13,2016-11-18T11:21:23.290000,ICWA09020,,,36.6667 -4.3026,1.139623278169391
U9FA8I01M,ANY,1,0,WFPC2 ,WFALL,F300W,1000.0,2005-10-07T19:16:16.667000,10530,MALHOTRA,53.13137623966,-27.63885734963,66,2987.0,2005-10-07T23:21:07,2005-10-07T19:32:56.667000,U9FA8I01M,,,53.1301 -27.6189,1.1993612939941696
U9FA8G01M,ANY,1,0,WFPC2 ,WFALL,F300W,2200.0,2005-10-08T01:39:16.667000,10530,MALHOTRA,53.13153293697,-27.63894191159,66,2987.0,2005-10-08T05:00:23,2005-10-08T02:15:56.667000,U9FA8G01M,,,53.1301 -27.6189,1.2049248168873585
U9FA8I02M,ANY,1,0,WFPC2 ,WFALL,F300W,1000.0,2005-10-07T19:38:16.663000,10530,MALHOTRA,53.13168961502,-27.63902686582,66,2987.0,2005-10-07T23:47:30,2005-10-07T19:54:56.667000,U9FA8I02M,,,53.1301 -27.6189,1.2105647604560303
U9FA8J01M,ANY,1,0,WFPC2 ,WFALL,F300W,1000.0,2005-10-09T14:47:16.667000,10530,MALHOTRA,53.13146000513,-27.63907187485,66,2987.0,2005-10-09T23:18:55,2005-10-09T15:03:56.667000,U9FA8J01M,,,53.1301 -27.6189,1.2124697700980593
U9FA8J02M,ANY,1,0,WFPC2 ,WFALL,F300W,1000.0,2005-10-09T16:02:16.667000,10530,MALHOTRA,53.13203450286,-27.63945310416,66,2987.0,2005-10-09T23:20:17,2005-10-09T16:18:56.667000,U9FA8J02M,,,53.1301 -27.6189,1.2374664604587648
U9FA8K01M,ANY,1,0,WFPC2 ,WFALL,F300W,1000.0,2005-10-07T11:24:16.663000,10530,MALHOTRA,53.13211815445,-27.63966772277,66,2987.0,2005-10-07T16:33:43,2005-10-07T11:40:56.663000,U9FA8K01M,,,53.1301 -27.6189,1.2506730736373544
U9FA8K02M,ANY,1,0,WFPC2 ,WFALL,F300W,1100.0,2005-10-07T12:53:16.663000,10530,MALHOTRA,53.13227826579,-27.63985327738,66,2987.0,2005-10-07T16:34:49,2005-10-07T13:11:36.663000,U9FA8K02M,,,53.1301 -27.6189,1.262517810440906
U9FA8H01M,ANY,1,0,WFPC2 ,WFALL,F300W,1000.0,2005-10-07T08:05:16.663000,10530,MALHOTRA,53.13269277324,-27.64004885556,66,2987.0,2005-10-07T11:10:20,2005-10-07T08:21:56.663000,U9FA8H01M,,,53.1301 -27.6189,1.2763944710745536
U9FA8F01M,ANY,1,0,WFPC2 ,WFALL,F300W,2500.0,2005-10-07T03:17:16.663000,10530,MALHOTRA,53.13284968504,-27.6401336209,66,2987.0,2005-10-07T11:08:43,2005-10-07T03:58:56.663000,U9FA8F01M,,,53.1301 -27.6189,1.2823747056542503
U9FA8H02M,ANY,1,0,WFPC2 ,WFALL,F300W,1100.0,2005-10-07T09:41:16.663000,10530,MALHOTRA,53.13277642659,-27.64026347377,66,2987.0,2005-10-07T16:32:35,2005-10-07T09:59:36.667000,U9FA8H02M,,,53.1301 -27.6189,1.2896799896135087
ID9R23020,DF40,1,0,WFC3  ,UVIS1,F606W,2445.0,2017-04-23T20:14:42.957000,14658,PENG,194.4993881119,27.21541425329,4,5888.43895,2018-04-24T05:19:35,2017-04-23T21:00:35.960000,ID9R23020,,,194.48074 27.23201,1.407629954356483
J9TY45030,COMA-OUTSKIRTS-3,1,0,ACS   ,WFC,CLEAR1L;F814W,1400.0,2006-11-21T09:07:23.223000,10861,CARTER,194.5899166667,27.46130555556,55,8045.2051,2006-11-22T14:30:31,2006-11-21T11:09:46.257000,J9TY45030,,9,194.56363 27.4647,1.4142058090255432
J9TY45040,COMA-OUTSKIRTS-3,1,0,ACS   ,WFC,F475W;CLEAR2L,2677.0,2006-11-21T09:16:09.240000,10861,CARTER,194.5899166667,27.46130555556,55,4747.4404,2006-11-22T15:14:25,2006-11-21T11:24:54.257000,J9TY45040,,5,194.56363 27.4647,1.4142058090255432
J8DE58010,GEMS-58,1,0,ACS   ,WFC,F606W;CLEAR2L,2286.0,2002-09-14T18:27:37.860000,9500,RIX,53.1534805182,-27.60147573676,153,5919.8584,2002-09-15T03:54:23,2002-09-14T19:11:44.893000,J8DE58010,,5,53.1301 -27.6189,1.6242603170154384
J8DE58030,GEMS-58,1,0,ACS   ,WFC,F850LP;CLEAR2L,2286.0,2002-09-14T19:59:10.853000,9500,RIX,53.1534805182,-27.60147573676,153,9034.303700000002,2002-09-15T07:58:34,2002-09-14T20:43:17.917000,J8DE58030,,3,53.1301 -27.6189,1.6242603170154384
IEYF19010,J090602.28+561044.8,1,0,WFC3  ,UVIS2,F300X,760.0,2023-10-11T11:33:06.593000,17177,CHILINGARIAN,136.5097066527,56.17879895744,0,2813.1549,2024-04-11T18:44:25,2023-10-11T11:48:03.600000,IEYF19010,,,136.55732 56.17099,1.6578518123597799
IEYF19020,J090602.28+561044.8,1,0,WFC3  ,UVIS2,F475W,758.0,2023-10-11T12:01:23.617000,17177,CHILINGARIAN,136.5097066527,56.17879895744,0,4772.63625,2024-04-11T15:22:51,2023-10-11T12:16:15.600000,IEYF19020,,,136.55732 56.17099,1.6578518123597799
IEYF19030,J090602.28+561044.8,1,0,WFC3  ,UVIS2,F814W,758.0,2023-10-11T12:18:49.600000,17177,CHILINGARIAN,136.5097066527,56.17879895744,0,8034.189,2024-04-11T15:22:35,2023-10-11T12:33:41.583000,IEYF19030,,,136.55732 56.17099,1.6578518123597799
IC8A04040,NGC-3522,1,0,WFC3  ,UVIS-CENTER,F475W,1110.0,2014-04-21T21:56:50.220000,13324,KRAJNOVIC,166.6711523028,20.07944167701,5,4772.63625,2015-04-22T00:16:00,2014-04-21T22:17:28.217000,IC8A04040,,,166.69317 20.06071,1.674166300803805
IC8A04030,NGC-3522,1,0,WFC3  ,UVIS-CENTER,F814W,1085.0,2014-04-21T21:31:38.220000,13324,KRAJNOVIC,166.6707109797,20.08011780911,5,8034.188999999999,2015-04-22T00:15:55,2014-04-21T21:54:16.217000,IC8A04030,,,166.69317 20.06071,1.7198841890098593
ICLT52021,SDSS-587732482758344947,1,0,WFC3  ,UVIS1,F606W,900.0,2015-01-22T15:13:32.837000,13695,HOLWERDA,213.784,45.5948,4,5887.7124,2016-01-22T18:42:54,2015-01-22T15:30:40.820000,ICLT52021,,,213.82237 45.60637,1.7539735319724976
U8ITKD01M,GOODS,1,0,WFPC2 ,WFALL-FIX,F300W,500.0,2002-11-15T17:28:17.093000,9481,GARDNER,53.12239352418,-27.58761499772,6,2987.0,2002-11-16T00:30:46,2002-11-15T17:36:37.093000,U8ITKD01M,,,53.1301 -27.6189,1.9213033868423235
IF3404020,NGC-7752,1,0,WFC3  ,IR-FIX,F160W,371.763764,2023-10-28T19:00:49.183000,17270,EVANS,356.744,29.45893611111,0,15369.176,2024-04-28T22:26:59,2023-10-28T19:20:49.120000,IF3404020,,,356.76956 29.48229,1.9354894587068734
U8ITL901M,GOODS,1,0,WFPC2 ,WFALL-FIX,F300W,400.0,2002-11-15T17:11:17.090000,9481,GARDNER,53.12227298196,-27.58678546106,6,2987.0,2002-11-16T00:29:27,2002-11-15T17:17:57.090000,U8ITL901M,,,53.1301 -27.6189,1.971302539653496
U8ITKB01M,GOODS,1,0,WFPC2 ,WFALL-FIX,F300W,600.0,2002-11-15T16:08:17.090000,9481,GARDNER,53.12215244159,-27.5859559243,6,2987.0,2002-11-15T19:01:25,2002-11-15T16:18:17.093000,U8ITKB01M,,,53.1301 -27.6189,2.0213108186111564
U8ITKC01M,GOODS,1,0,WFPC2 ,WFALL-FIX,F300W,700.0,2002-11-15T17:43:17.093000,9481,GARDNER,53.12215244159,-27.5859559243,6,2987.0,2002-11-16T00:31:35,2002-11-15T17:54:57.093000,U8ITKC01M,,,53.1301 -27.6189,2.0213108186111564
IDIQ05010,DES16C3DMP-HOST,1,0,WFC3  ,UVIS,F390W,2480.0,2018-07-03T04:03:00.997000,15303,D'ANDREA,52.868125,-28.54119444444,3,3922.2046,2019-01-03T15:13:56,2018-07-03T05:52:01.970000,IDIQ05010,,,52.8462 -28.5128,2.058719503223975
J94SY2M2Q,ANY,0,0,ACS   ,WFC,F850LP;CLEAR2L,400.0,2005-02-16T23:58:49.137000,10189,RIESS,53.13817224081,-27.65336733959,65,9034.5811,2006-02-12T19:09:15,2005-02-17T00:05:30.153000,J94SY2M2Q,,,53.1301 -27.6189,2.1120838843452576
J94SY3V5Q,ANY,0,0,ACS   ,WFC,F775W;CLEAR2L,400.0,2005-02-18T22:35:56.113000,10189,RIESS,53.13817224081,-27.65336733959,65,7693.9102,2006-02-14T06:32:36,2005-02-18T22:42:37.160000,J94SY3V5Q,,,53.1301 -27.6189,2.1120838843452576
J8DE59010,GEMS-59,1,0,ACS   ,WFC,F606W;CLEAR2L,2160.0,2002-11-23T22:13:41.937000,9500,RIX,53.10054672721,-27.595170393,153,5919.8501,2002-11-24T17:55:11,2002-11-23T22:55:42.983000,J8DE59010,,5,53.1301 -27.6189,2.120415262034354
J8DE59030,GEMS-59,1,0,ACS   ,WFC,F850LP;CLEAR2L,2286.0,2002-11-23T23:47:47.920000,9500,RIX,53.10054672721,-27.595170393,153,9034.326199999998,2002-11-24T12:43:33,2002-11-24T00:31:54.983000,J8DE59030,,3,53.1301 -27.6189,2.120415262034354
J94SY2M8Q,ANY,0,0,ACS   ,WFC,F850LP;CLEAR2L,400.0,2005-02-17T00:21:46.130000,10189,RIESS,53.13771966512,-27.65387369365,65,9034.5811,2006-02-12T11:38:32,2005-02-17T00:28:27.177000,J94SY2M8Q,,,53.1301 -27.6189,2.137150996167894
J94SY3VBQ,ANY,0,0,ACS   ,WFC,F606W;CLEAR2L,400.0,2005-02-18T22:58:53.137000,10189,RIESS,53.13771966512,-27.65387369365,65,5919.7563,2006-02-14T06:45:17,2005-02-18T23:05:34.187000,J94SY3VBQ,,,53.1301 -27.6189,2.137150996167894
J94SY2M0Q,ANY,0,0,ACS   ,WFC,F850LP;CLEAR2L,400.0,2005-02-16T23:09:15.120000,10189,RIESS,53.138230134,-27.65381980167,65,9034.5811,2006-02-12T11:29:00,2005-02-16T23:15:56.170000,J94SY2M0Q,,,53.1301 -27.6189,2.1392919404277504
J94SY3V3Q,ANY,0,0,ACS   ,WFC,F775W;CLEAR2L,400.0,2005-02-18T22:25:50.130000,10189,RIESS,53.138230134,-27.65381980167,65,7693.9102,2006-02-14T06:26:24,2005-02-18T22:32:31.177000,J94SY3V3Q,,,53.1301 -27.6189,2.1392919404277504
J94SY2M5Q,ANY,0,0,ACS   ,WFC,F850LP;CLEAR2L,400.0,2005-02-17T00:10:18.127000,10189,RIESS,53.13828802767,-27.65427226372,65,9034.5811,2006-02-12T11:33:44,2005-02-17T00:16:59.177000,J94SY2M5Q,,,53.1301 -27.6189,2.1665028520920093
J94SY3V8Q,ANY,0,0,ACS   ,WFC,F606W;CLEAR2L,400.0,2005-02-18T22:48:05.137000,10189,RIESS,53.13828802767,-27.65427226372,65,5919.7563,2006-02-14T06:38:42,2005-02-18T22:54:46.187000,J94SY3V8Q,,,53.1301 -27.6189,2.1665028520920093
U67FD401R,ANY,1,0,WFPC2 ,WFALL,F606W,500.0,2000-06-04T09:21:14.967000,8805,CASERTANO,247.2282160602,39.619237481,12,5997.0,2000-06-04T15:41:33,2000-06-04T09:29:34.967000,U67FD401R,,6,247.19839 39.64976,2.2920011613990745
U67FD402R,ANY,1,0,WFPC2 ,WFALL,F606W,700.0,2000-06-04T09:32:14.967000,8805,CASERTANO,247.2282160602,39.619237481,12,5997.0,2000-06-04T15:42:12,2000-06-04T09:43:54.967000,U67FD402R,,6,247.19839 39.64976,2.2920011613990745
IEC901010,XMM3-3085,1,0,WFC3  ,GRISM1024,F140W,355.867478,2021-12-03T14:02:24.163000,16295,HARIKANE,36.74551470693,-5.2051690238,0,13922.907,2022-06-04T06:18:17,2021-12-03T14:47:24.100000,IEC901010,,,36.7126 -5.1852,2.3029818913406093
IEC902010,XMM3-3085,1,0,WFC3  ,GRISM1024,F140W,355.867478,2021-12-04T13:51:42.180000,16295,HARIKANE,36.74551470693,-5.2051690238,0,13922.907,2022-06-05T01:44:08,2021-12-04T14:36:42.083000,IEC902010,,,36.7126 -5.1852,2.3029818913406093
U9FAAF01M,ANY,1,0,WFPC2 ,WFALL,F300W,2500.0,2005-10-10T19:12:16.667000,10530,MALHOTRA,53.08742683891,-27.61035043973,66,2987.0,2005-10-10T21:22:54,2005-10-10T19:53:56.670000,U9FAAF01M,,,53.1301 -27.6189,2.325994136989032
U9FAAH02M,ANY,1,0,WFPC2 ,WFALL,F300W,1100.0,2005-10-10T11:13:16.667000,10530,MALHOTRA,53.08734345975,-27.61047539852,66,2987.0,2005-10-10T20:29:24,2005-10-10T11:31:36.667000,U9FAAH02M,,,53.1301 -27.6189,2.328677845274139
U3571102T,IC3947,1,0,WFPC2 ,PC1,F606W,200.0,1996-06-05T07:26:16.563000,5997,LUCEY,194.70849576,27.7890041,9,5997.0,1997-06-05T13:13:14,1996-06-05T07:29:36.563000,U3571102T,,,194.68974 27.75391,2.329206865997674
U3571101T,IC3947,1,0,WFPC2 ,PC1,F606W,200.0,1996-06-05T07:20:16.563000,5997,LUCEY,194.7084958057,27.78900409928,9,5997.0,1997-06-05T13:12:02,1996-06-05T07:23:36.563000,U3571101T,,,194.68974 27.75391,2.329207864113125
U9FAAH01M,ANY,1,0,WFPC2 ,WFALL,F300W,1000.0,2005-10-10T09:40:16.667000,10530,MALHOTRA,53.08727709784,-27.61025609325,66,2987.0,2005-10-10T20:28:31,2005-10-10T09:56:56.667000,U9FAAH01M,,,53.1301 -27.6189,2.3350115430461464
U9FAAK02M,ANY,1,0,WFPC2 ,WFALL,F300W,1100.0,2005-10-10T17:59:16.670000,10530,MALHOTRA,53.0868792799,-27.61003513456,66,2987.0,2005-10-10T21:21:55,2005-10-10T18:17:36.670000,U9FAAK02M,,,53.1301 -27.6189,2.358594553453907
U9FAAK01M,ANY,1,0,WFPC2 ,WFALL,F300W,1000.0,2005-10-10T17:36:16.670000,10530,MALHOTRA,53.08673436022,-27.6098400495,66,2987.0,2005-10-10T21:20:38,2005-10-10T17:52:56.670000,U9FAAK01M,,,53.1301 -27.6189,2.368762130521209
IEC904010,XMM3-3085,1,0,WFC3  ,GRISM1024,F140W,355.867478,2021-09-29T22:25:20.940000,16295,HARIKANE,36.746779291,-5.205240252368,0,13922.907,2022-03-30T10:17:49,2021-09-30T00:29:09.870000,IEC904010,,,36.7126 -5.1852,2.370005407962932
IEC903010,XMM3-3085,1,0,WFC3  ,GRISM1024,F140W,355.867478,2021-09-29T18:59:45.967000,16295,HARIKANE,36.74678911994,-5.205224150982,0,13922.907,2022-03-30T05:45:34,2021-09-29T19:44:45.870000,IEC903010,,,36.7126 -5.1852,2.3700216735202413
U9FAAJ02M,ANY,1,0,WFPC2 ,WFALL,F300W,1100.0,2005-10-10T16:23:16.667000,10530,MALHOTRA,53.08666799992,-27.60962074394,66,2987.0,2005-10-10T21:19:07,2005-10-10T16:41:36.667000,U9FAAJ02M,,,53.1301 -27.6189,2.375248231795496
J8DE52010,GEMS-52,1,0,ACS   ,WFC,F606W;CLEAR2L,2160.0,2002-11-15T12:39:51.920000,9500,RIX,53.10167166751,-27.64965372633,153,5919.8511,2002-11-15T17:02:08,2002-11-15T14:09:58.983000,J8DE52010,,5,53.1301 -27.6189,2.3850255373735383
J8DE52030,GEMS-52,1,0,ACS   ,WFC,F850LP;CLEAR2L,2286.0,2002-11-15T14:13:27.920000,9500,RIX,53.10167166751,-27.64965372633,153,9034.3232,2002-11-15T19:23:08,2002-11-15T15:46:49.993000,J8DE52030,,3,53.1301 -27.6189,2.3850255373735383
U9FAAI02M,ANY,1,0,WFPC2 ,WFALL,F300W,1100.0,2005-10-10T14:25:16.670000,10530,MALHOTRA,53.0863579455,-27.60917404251,66,2987.0,2005-10-10T20:31:37,2005-10-10T14:43:36.670000,U9FAAI02M,,,53.1301 -27.6189,2.3976628020135
U9FAAG01M,ANY,1,0,WFPC2 ,WFALL,F300W,2500.0,2005-10-10T20:48:16.670000,10530,MALHOTRA,53.08620845249,-27.60907952218,66,2987.0,2005-10-11T01:19:12,2005-10-10T21:29:56.670000,U9FAAG01M,,,53.1301 -27.6189,2.4067555757443877
U9FAAJ01M,ANY,1,0,WFPC2 ,WFALL,F300W,1000.0,2005-10-10T16:00:16.670000,10530,MALHOTRA,53.08612539054,-27.60920461148,66,2987.0,2005-10-10T20:32:39,2005-10-10T16:16:56.667000,U9FAAJ01M,,,53.1301 -27.6189,2.40921293030874
U9FAAI01M,ANY,1,0,WFPC2 ,WFALL,F300W,1000.0,2005-10-10T13:04:16.670000,10530,MALHOTRA,53.08605890908,-27.60898539197,66,2987.0,2005-10-10T20:31:08,2005-10-10T13:20:56.667000,U9FAAI01M,,,53.1301 -27.6189,2.415850429191487
J8DE51010,GEMS-51,1,0,ACS   ,WFC,F606W;CLEAR2L,2160.0,2002-11-15T04:24:19.920000,9500,RIX,53.16200500084,-27.64965650411,153,5919.8511,2002-11-15T15:46:48,2002-11-15T05:06:20.967000,J8DE51010,,5,53.1301 -27.6189,2.506319817318209
J8DE51030,GEMS-51,1,0,ACS   ,WFC,F850LP;CLEAR2L,2286.0,2002-11-15T05:57:46.927000,9500,RIX,53.16200500084,-27.64965650411,153,9034.3232,2002-11-15T18:12:45,2002-11-15T07:46:10.983000,J8DE51030,,3,53.1301 -27.6189,2.506319817318209
IEPO0O010,PS1-13EAO-HOST,1,0,WFC3  ,UVIS2,F275W,1650.0,2021-10-24T22:45:25.570000,16741,GALBANY,52.48745311495,-28.77529070899,4,2706.4933,2021-10-25T07:50:14,2021-10-24T23:17:33.583000,IEPO0O010,,,52.4798 -28.7332,2.5573264639816093
U65R2003R,CGCG97-114,1,0,WFPC2 ,WFALL-FIX,F300W,800.0,2000-06-25T12:05:14.993000,8645,WINDHORST,176.2136898453,19.7748455487,37,2987.0,2000-06-25T15:37:54,2000-06-25T12:18:34.993000,U65R2003R,,,176.2575 19.76373,2.5620140931762716
U65R2004R,CGCG97-114,1,0,WFPC2 ,WFALL-FIX,F814W,100.0,2000-06-25T12:22:14.867000,8645,WINDHORST,176.2136898453,19.7748455487,37,8012.0,2000-06-25T15:44:19,2000-06-25T12:23:54.867000,U65R2004R,,,176.2575 19.76373,2.5620140931762716
J8DE59020,ANY,1,0,ACS   ,HRC,F555W;CLEAR2S,1842.0,2002-11-23T22:13:44.910000,9500,RIX,53.11638776762,-27.65987664748,153,5355.7642,2002-11-24T10:13:39,2002-11-23T22:54:00.200000,J8DE59020,,,53.1301 -27.6189,2.5643570376585405
U65R2001R,CGCG97-114,1,0,WFPC2 ,WFALL-FIX,F814W,100.0,2000-06-25T11:39:14.867000,8645,WINDHORST,176.2135510398,19.77488668014,37,8012.0,2000-06-25T15:42:02,2000-06-25T11:40:54.867000,U65R2001R,,,176.2575 19.76373,2.570223504720382
U65R2002R,CGCG97-114,1,0,WFPC2 ,WFALL-FIX,F300W,1000.0,2000-06-25T11:43:14.993000,8645,WINDHORST,176.2135510398,19.77488668014,37,2987.0,2000-06-25T15:42:33,2000-06-25T11:59:54.990000,U65R2002R,,,176.2575 19.76373,2.570223504720382
IC2G06010,ECDFS-8431,1,0,WFC3  ,IR,F160W,811.73578,2013-10-31T03:22:32.107000,12990,MUZZIN,53.17765041667,-27.63775833333,25,15369.176,2014-10-31T10:39:38,2013-10-31T04:02:30.027000,IC2G06010,,,53.1301 -27.6189,2.7694034222044914
U2E66501T,0816+21,1,0,WFPC2 ,PC1,F606W,500.0,1995-02-26T04:38:17.057000,5479,MALKAN,124.920420135,21.11054359935,228,5997.0,1996-02-26T17:20:07,1995-02-26T04:46:37.057000,U2E66501T,,,124.91168 21.06448,2.8067922773956133
U8ITGF01M,GOODS,1,0,WFPC2 ,WFALL-FIX,F300W,400.0,2002-11-02T10:33:17.077000,9481,GARDNER,53.07705640197,-27.63202628992,6,2987.0,2002-11-02T19:41:46,2002-11-02T10:39:57.077000,U8ITGF01M,,,53.1301 -27.6189,2.927711345177215
U8ITGH01M,GOODS,1,0,WFPC2 ,WFALL-FIX,F300W,260.0,2002-11-02T10:57:17.077000,9481,GARDNER,53.07705640197,-27.63202628992,6,2987.0,2002-11-02T19:44:34,2002-11-02T11:01:37.077000,U8ITGH01M,,,53.1301 -27.6189,2.927711345177215
U8ITGE01M,GOODS,1,0,WFPC2 ,WFALL-FIX,F300W,400.0,2002-11-02T10:21:17.077000,9481,GARDNER,53.07702016486,-27.63201306264,6,2987.0,2002-11-02T14:32:23,2002-11-02T10:27:57.077000,U8ITGE01M,,,53.1301 -27.6189,2.929353645617701
U8ITGG01M,GOODS,1,0,WFPC2 ,WFALL-FIX,F300W,260.0,2002-11-02T10:46:17.077000,9481,GARDNER,53.07702016486,-27.63201306264,6,2987.0,2002-11-02T19:43:12,2002-11-02T10:50:37.077000,U8ITGG01M,,,53.1301 -27.6189,2.929353645617701
JBEU02010,GOODS-SDW,1,0,ACS   ,WFC,CLEAR1L;F814W,1986.0,2011-03-06T06:45:32.717000,12061,FABER,53.11277795602,-27.66554568058,360,8045.5303,2011-03-06T18:09:40,2011-03-06T07:30:01.553000,JBEU02010,,14,53.1301 -27.6189,2.9462912186634997
IBTT71LEQ,ANY,0,0,WFC3  ,IR,F140W,202.936401,2013-02-03T06:34:32.617000,12568,MALKAN,9.877413860184,40.39899790481,14,13922.907,2013-02-03T12:58:26,2013-02-03T06:37:55.563000,IBTT71LEQ,,,9.8286 40.36621,2.97447482365542
IBTT72LSQ,ANY,0,0,WFC3  ,IR,F140W,202.936401,2013-02-03T07:56:23.627000,12568,MALKAN,9.877413860184,40.39899790481,14,13922.907,2013-02-03T12:58:34,2013-02-03T07:59:46.570000,IBTT72LSQ,,,9.8286 40.36621,2.97447482365542
JBY203010,ANY,1,0,ACS   ,WFC,CLEAR1L;F814W,3304.0,2012-11-30T17:33:00.943000,12866,SWINBANK,53.13043903497,-27.66870038415,30,8045.5322,2013-12-01T02:53:29,2012-11-30T19:38:56.997000,JBY203010,,,53.1301 -27.6189,2.9880773856802922
